/*
SQLyog Community v13.1.7 (64 bit)
MySQL - 8.0.26 : Database - acfcapstoneproject
*********************************************************************
*/

/*!40101 SET NAMES utf8 */;

/*!40101 SET SQL_MODE=''*/;

/*!40014 SET @OLD_UNIQUE_CHECKS=@@UNIQUE_CHECKS, UNIQUE_CHECKS=0 */;
/*!40014 SET @OLD_FOREIGN_KEY_CHECKS=@@FOREIGN_KEY_CHECKS, FOREIGN_KEY_CHECKS=0 */;
/*!40101 SET @OLD_SQL_MODE=@@SQL_MODE, SQL_MODE='NO_AUTO_VALUE_ON_ZERO' */;
/*!40111 SET @OLD_SQL_NOTES=@@SQL_NOTES, SQL_NOTES=0 */;
CREATE DATABASE /*!32312 IF NOT EXISTS*/`acfcapstoneproject` /*!40100 DEFAULT CHARACTER SET utf8mb4 COLLATE utf8mb4_0900_ai_ci */ /*!80016 DEFAULT ENCRYPTION='N' */;

USE `acfcapstoneproject`;

/*Table structure for table `account` */

DROP TABLE IF EXISTS `account`;

CREATE TABLE `account` (
  `id` bigint NOT NULL AUTO_INCREMENT,
  `created_by` varchar(255) DEFAULT NULL,
  `created_date` date DEFAULT NULL,
  `deleted` bit(1) DEFAULT NULL,
  `modified_by` varchar(255) DEFAULT NULL,
  `modified_date` date DEFAULT NULL,
  `password` varchar(255) DEFAULT NULL,
  `status` bit(1) DEFAULT NULL,
  `username` varchar(255) DEFAULT NULL,
  `employee_id` bigint DEFAULT NULL,
  PRIMARY KEY (`id`),
  KEY `FK1kec5bwba2rl0j8garlarwe3d` (`employee_id`),
  CONSTRAINT `FK1kec5bwba2rl0j8garlarwe3d` FOREIGN KEY (`employee_id`) REFERENCES `employee` (`id`)
) ENGINE=InnoDB AUTO_INCREMENT=3 DEFAULT CHARSET=utf8mb4 COLLATE=utf8mb4_0900_ai_ci;

/*Data for the table `account` */

insert  into `account`(`id`,`created_by`,`created_date`,`deleted`,`modified_by`,`modified_date`,`password`,`status`,`username`,`employee_id`) values 
(1,'truongtv','2021-12-10','\0','truongtv','2021-12-10','$2a$10$3KCn7pg6MWSMrWoN30qj1uENjGhHDLYQK1tmjDs1mEg2cV3VtTa.e','','truongtv',1),
(2,'truongtv','2021-12-10','\0','truongtv','2021-12-10','$2a$10$3KCn7pg6MWSMrWoN30qj1uENjGhHDLYQK1tmjDs1mEg2cV3VtTa.e','','ngoclt',2);

/*Table structure for table `account_roles` */

DROP TABLE IF EXISTS `account_roles`;

CREATE TABLE `account_roles` (
  `account_id` bigint NOT NULL,
  `roles_id` bigint NOT NULL,
  KEY `FK70s9enq5d1oywl7v8vis5ke5w` (`roles_id`),
  KEY `FKtp61eta5i06bug3w1qr6286uf` (`account_id`),
  CONSTRAINT `FK70s9enq5d1oywl7v8vis5ke5w` FOREIGN KEY (`roles_id`) REFERENCES `role` (`id`),
  CONSTRAINT `FKtp61eta5i06bug3w1qr6286uf` FOREIGN KEY (`account_id`) REFERENCES `account` (`id`)
) ENGINE=InnoDB DEFAULT CHARSET=utf8mb4 COLLATE=utf8mb4_0900_ai_ci;

/*Data for the table `account_roles` */

insert  into `account_roles`(`account_id`,`roles_id`) values 
(1,1),
(1,2),
(1,3),
(2,2),
(2,1);

/*Table structure for table `advace_salary` */

DROP TABLE IF EXISTS `advace_salary`;

CREATE TABLE `advace_salary` (
  `id` bigint NOT NULL AUTO_INCREMENT,
  `created_by` varchar(255) DEFAULT NULL,
  `created_date` date DEFAULT NULL,
  `deleted` bit(1) DEFAULT NULL,
  `modified_by` varchar(255) DEFAULT NULL,
  `modified_date` date DEFAULT NULL,
  `accept` varchar(255) DEFAULT NULL,
  `advace_salary` varchar(255) DEFAULT NULL,
  `comment` varchar(255) DEFAULT NULL,
  `content` text,
  `date_accept` date DEFAULT NULL,
  `id_employee_accept` bigint DEFAULT NULL,
  `title` varchar(255) DEFAULT NULL,
  `employee_id` bigint DEFAULT NULL,
  PRIMARY KEY (`id`),
  KEY `FKaei4ytudikyg3mer5oqew7aj6` (`employee_id`),
  CONSTRAINT `FKaei4ytudikyg3mer5oqew7aj6` FOREIGN KEY (`employee_id`) REFERENCES `employee` (`id`)
) ENGINE=InnoDB DEFAULT CHARSET=utf8mb4 COLLATE=utf8mb4_0900_ai_ci;

/*Data for the table `advace_salary` */

/*Table structure for table `bonus_penalty` */

DROP TABLE IF EXISTS `bonus_penalty`;

CREATE TABLE `bonus_penalty` (
  `id` bigint NOT NULL AUTO_INCREMENT,
  `created_by` varchar(255) DEFAULT NULL,
  `created_date` date DEFAULT NULL,
  `deleted` bit(1) DEFAULT NULL,
  `modified_by` varchar(255) DEFAULT NULL,
  `modified_date` date DEFAULT NULL,
  `bonus` bit(1) DEFAULT NULL,
  `effective_date` date DEFAULT NULL,
  `money` varchar(255) DEFAULT NULL,
  `reason` text,
  `status` bit(1) DEFAULT NULL,
  `title` varchar(255) DEFAULT NULL,
  PRIMARY KEY (`id`)
) ENGINE=InnoDB DEFAULT CHARSET=utf8mb4 COLLATE=utf8mb4_0900_ai_ci;

/*Data for the table `bonus_penalty` */

/*Table structure for table `company` */

DROP TABLE IF EXISTS `company`;

CREATE TABLE `company` (
  `id` bigint NOT NULL AUTO_INCREMENT,
  `created_by` varchar(255) DEFAULT NULL,
  `created_date` date DEFAULT NULL,
  `deleted` bit(1) DEFAULT NULL,
  `modified_by` varchar(255) DEFAULT NULL,
  `modified_date` date DEFAULT NULL,
  `address` varchar(255) DEFAULT NULL,
  `email` varchar(255) DEFAULT NULL,
  `name` varchar(255) DEFAULT NULL,
  `phone` varchar(255) DEFAULT NULL,
  PRIMARY KEY (`id`)
) ENGINE=InnoDB AUTO_INCREMENT=2 DEFAULT CHARSET=utf8mb4 COLLATE=utf8mb4_0900_ai_ci;

/*Data for the table `company` */

insert  into `company`(`id`,`created_by`,`created_date`,`deleted`,`modified_by`,`modified_date`,`address`,`email`,`name`,`phone`) values 
(1,'truongtv','2021-12-13','\0',NULL,'2021-12-13','702/1K Sư Vạn Hạnh, Phường 12, Quận 10, TP. HCM','infoacc@ancuong.com','AN CƯỜNG','(84,28) 38625727');

/*Table structure for table `contact` */

DROP TABLE IF EXISTS `contact`;

CREATE TABLE `contact` (
  `id` bigint NOT NULL AUTO_INCREMENT,
  `created_by` varchar(255) DEFAULT NULL,
  `created_date` date DEFAULT NULL,
  `deleted` bit(1) DEFAULT NULL,
  `modified_by` varchar(255) DEFAULT NULL,
  `modified_date` date DEFAULT NULL,
  `date_finish` date DEFAULT NULL,
  `name` varchar(255) DEFAULT NULL,
  `note` text,
  `number_finish` varchar(255) DEFAULT NULL,
  `status_done` int DEFAULT NULL,
  `total_money` varchar(255) DEFAULT NULL,
  `company_id` bigint DEFAULT NULL,
  PRIMARY KEY (`id`),
  KEY `FKpgbqt6dnai52x55o1qvsx1dfn` (`company_id`),
  CONSTRAINT `FKpgbqt6dnai52x55o1qvsx1dfn` FOREIGN KEY (`company_id`) REFERENCES `company` (`id`)
) ENGINE=InnoDB DEFAULT CHARSET=utf8mb4 COLLATE=utf8mb4_0900_ai_ci;

/*Data for the table `contact` */

/*Table structure for table `contact_money` */

DROP TABLE IF EXISTS `contact_money`;

CREATE TABLE `contact_money` (
  `id` bigint NOT NULL AUTO_INCREMENT,
  `created_by` varchar(255) DEFAULT NULL,
  `created_date` date DEFAULT NULL,
  `deleted` bit(1) DEFAULT NULL,
  `modified_by` varchar(255) DEFAULT NULL,
  `modified_date` date DEFAULT NULL,
  `date` date DEFAULT NULL,
  `money` varchar(255) DEFAULT NULL,
  `contact_id` bigint DEFAULT NULL,
  PRIMARY KEY (`id`),
  KEY `FKlv7epiw4ba38uk7qot4btk1i5` (`contact_id`),
  CONSTRAINT `FKlv7epiw4ba38uk7qot4btk1i5` FOREIGN KEY (`contact_id`) REFERENCES `contact` (`id`)
) ENGINE=InnoDB DEFAULT CHARSET=utf8mb4 COLLATE=utf8mb4_0900_ai_ci;

/*Data for the table `contact_money` */

/*Table structure for table `employee` */

DROP TABLE IF EXISTS `employee`;

CREATE TABLE `employee` (
  `id` bigint NOT NULL AUTO_INCREMENT,
  `created_by` varchar(255) DEFAULT NULL,
  `created_date` date DEFAULT NULL,
  `deleted` bit(1) DEFAULT NULL,
  `modified_by` varchar(255) DEFAULT NULL,
  `modified_date` date DEFAULT NULL,
  `address` varchar(255) DEFAULT NULL,
  `dob` date DEFAULT NULL,
  `email` varchar(255) DEFAULT NULL,
  `full_name` varchar(255) DEFAULT NULL,
  `gender` bit(1) DEFAULT NULL,
  `nation` varchar(255) DEFAULT NULL,
  `phone` varchar(255) DEFAULT NULL,
  `salary` bigint DEFAULT NULL,
  `file_id` varchar(255) DEFAULT NULL,
  `position_id` bigint DEFAULT NULL,
  PRIMARY KEY (`id`),
  KEY `FK2r9x573b79fx4d168flv7bquu` (`file_id`),
  KEY `FKbc8rdko9o9n1ri9bpdyxv3x7i` (`position_id`),
  CONSTRAINT `FK2r9x573b79fx4d168flv7bquu` FOREIGN KEY (`file_id`) REFERENCES `file` (`id`),
  CONSTRAINT `FKbc8rdko9o9n1ri9bpdyxv3x7i` FOREIGN KEY (`position_id`) REFERENCES `position` (`id`)
) ENGINE=InnoDB AUTO_INCREMENT=6 DEFAULT CHARSET=utf8mb4 COLLATE=utf8mb4_0900_ai_ci;

/*Data for the table `employee` */

insert  into `employee`(`id`,`created_by`,`created_date`,`deleted`,`modified_by`,`modified_date`,`address`,`dob`,`email`,`full_name`,`gender`,`nation`,`phone`,`salary`,`file_id`,`position_id`) values 
(1,'truongtv','2021-12-10','\0','truongtv','2021-12-10','Nam Định','2021-12-10','truongtvhe130302@fpt.edu.vn','Trần Vũ Trường','','Kinh','0382945665',1500000,'711f426f-37ac-493e-b79c-8f429288c8a4',1),
(2,'truongtv','2021-12-10','\0','truongtv','2021-12-10','Nam Định','2021-12-10','ngoclthe131028@fpt.edu.vn','Lê Thị Ngọc','\0','Kinh','0382945665',1500000,NULL,2),
(3,'truongtv','2021-12-10','\0','truongtv','2021-12-10','Nam Định','2021-12-10','anhlhhe130300@fpt.edu.vn','Lê Hoàng Anh','','Kinh','0382945665',1500000,NULL,2),
(4,'truongtv','2021-12-10','\0','truongtv','2021-12-10','Nam Định','2021-12-10','minhtbhe130308@fpt.edu.vn','Trần Bình Minh','','Kinh','0382945665',1500000,NULL,2),
(5,'truongtv','2021-12-10','\0','truongtv','2021-12-10','Nam Định','2021-12-10','phongnhlhe130650@fpt.edu.vn','Nguyễn Hữu Lâm Phong','','Kinh','0382945665',1500000,NULL,2);

/*Table structure for table `employee_bonus_penalties` */

DROP TABLE IF EXISTS `employee_bonus_penalties`;

CREATE TABLE `employee_bonus_penalties` (
  `bonus_penalty_id` bigint NOT NULL,
  `employee_id` bigint NOT NULL,
  KEY `FK8mq3xk535dfnxag0br0bi0rmh` (`employee_id`),
  KEY `FKs0hv8a17k556regux0nvttl2m` (`bonus_penalty_id`),
  CONSTRAINT `FK8mq3xk535dfnxag0br0bi0rmh` FOREIGN KEY (`employee_id`) REFERENCES `employee` (`id`),
  CONSTRAINT `FKs0hv8a17k556regux0nvttl2m` FOREIGN KEY (`bonus_penalty_id`) REFERENCES `bonus_penalty` (`id`)
) ENGINE=InnoDB DEFAULT CHARSET=utf8mb4 COLLATE=utf8mb4_0900_ai_ci;

/*Data for the table `employee_bonus_penalties` */

/*Table structure for table `file` */

DROP TABLE IF EXISTS `file`;

CREATE TABLE `file` (
  `id` varchar(255) NOT NULL,
  `created_by` varchar(255) DEFAULT NULL,
  `created_date` date DEFAULT NULL,
  `deleted` bit(1) DEFAULT NULL,
  `modified_by` varchar(255) DEFAULT NULL,
  `modified_date` date DEFAULT NULL,
  `name` varchar(255) DEFAULT NULL,
  `type` varchar(255) DEFAULT NULL,
  `url` varchar(255) DEFAULT NULL,
  PRIMARY KEY (`id`)
) ENGINE=InnoDB DEFAULT CHARSET=utf8mb4 COLLATE=utf8mb4_0900_ai_ci;

/*Data for the table `file` */

insert  into `file`(`id`,`created_by`,`created_date`,`deleted`,`modified_by`,`modified_date`,`name`,`type`,`url`) values 
('711f426f-37ac-493e-b79c-8f429288c8a4','truongtv','2021-12-10','\0','truongtv','2021-12-10','file_10-12-2021_09-31-49_z2738347792839_42241542750cdf637d4b82a9cf56b0be.jpg','image/jpeg','/var/app/current/uploads/');

/*Table structure for table `frame_material` */

DROP TABLE IF EXISTS `frame_material`;

CREATE TABLE `frame_material` (
  `id` bigint NOT NULL AUTO_INCREMENT,
  `created_by` varchar(255) DEFAULT NULL,
  `created_date` date DEFAULT NULL,
  `deleted` bit(1) DEFAULT NULL,
  `modified_by` varchar(255) DEFAULT NULL,
  `modified_date` date DEFAULT NULL,
  `frame_length` varchar(255) DEFAULT NULL,
  `frame_width` varchar(255) DEFAULT NULL,
  PRIMARY KEY (`id`)
) ENGINE=InnoDB AUTO_INCREMENT=7 DEFAULT CHARSET=utf8mb4 COLLATE=utf8mb4_0900_ai_ci;

/*Data for the table `frame_material` */

insert  into `frame_material`(`id`,`created_by`,`created_date`,`deleted`,`modified_by`,`modified_date`,`frame_length`,`frame_width`) values 
(1,'truongtv','2021-12-13','\0','truongtv','2021-12-13','2440','1220'),
(2,'truongtv','2021-12-13','\0','truongtv','2021-12-13','2440','1830'),
(3,'truongtv','2021-12-13','\0','truongtv','2021-12-13','2745','1220'),
(4,'truongtv','2021-12-13','\0','truongtv','2021-12-13','4300','1830'),
(5,'truongtv','2021-12-13','\0','truongtv','2021-12-13','3660','1550'),
(6,'truongtv','2021-12-13','\0','truongtv','2021-12-13','3050','1525');

/*Table structure for table `group_material` */

DROP TABLE IF EXISTS `group_material`;

CREATE TABLE `group_material` (
  `id` bigint NOT NULL AUTO_INCREMENT,
  `created_by` varchar(255) DEFAULT NULL,
  `created_date` date DEFAULT NULL,
  `deleted` bit(1) DEFAULT NULL,
  `modified_by` varchar(255) DEFAULT NULL,
  `modified_date` date DEFAULT NULL,
  `check_group_material` bit(1) DEFAULT NULL,
  `name` varchar(255) DEFAULT NULL,
  PRIMARY KEY (`id`)
) ENGINE=InnoDB AUTO_INCREMENT=7 DEFAULT CHARSET=utf8mb4 COLLATE=utf8mb4_0900_ai_ci;

/*Data for the table `group_material` */

insert  into `group_material`(`id`,`created_by`,`created_date`,`deleted`,`modified_by`,`modified_date`,`check_group_material`,`name`) values 
(1,'truongtv','2021-12-13','\0','truongtv','2021-12-13','\0','LAMINATES'),
(2,'truongtv','2021-12-13','\0','truongtv','2021-12-13','\0','MELAMINES'),
(3,'truongtv','2021-12-13','\0','truongtv','2021-12-13','\0','ACRYLICS'),
(4,'truongtv','2021-12-13','\0','truongtv','2021-12-13','\0','VENEER'),
(5,'truongtv','2021-12-13','\0','truongtv','2021-12-13','','GỖ CÔNG NGHIỆP'),
(6,'truongtv','2021-12-13','\0','truongtv','2021-12-13','','GỖ NGUYÊN KHỐI');

/*Table structure for table `height_material` */

DROP TABLE IF EXISTS `height_material`;

CREATE TABLE `height_material` (
  `id` bigint NOT NULL AUTO_INCREMENT,
  `created_by` varchar(255) DEFAULT NULL,
  `created_date` date DEFAULT NULL,
  `deleted` bit(1) DEFAULT NULL,
  `modified_by` varchar(255) DEFAULT NULL,
  `modified_date` date DEFAULT NULL,
  `frame_height` varchar(255) DEFAULT NULL,
  PRIMARY KEY (`id`)
) ENGINE=InnoDB AUTO_INCREMENT=38 DEFAULT CHARSET=utf8mb4 COLLATE=utf8mb4_0900_ai_ci;

/*Data for the table `height_material` */

insert  into `height_material`(`id`,`created_by`,`created_date`,`deleted`,`modified_by`,`modified_date`,`frame_height`) values 
(1,'truongtv','2021-12-13','\0','truongtv','2021-12-13','1'),
(2,'truongtv','2021-12-13','\0','truongtv','2021-12-13','2'),
(3,'truongtv','2021-12-13','\0','truongtv','2021-12-13','3'),
(4,'truongtv','2021-12-13','\0','truongtv','2021-12-13','4'),
(5,'truongtv','2021-12-13','\0','truongtv','2021-12-13','5'),
(6,'truongtv','2021-12-13','\0','truongtv','2021-12-13','6'),
(7,'truongtv','2021-12-13','\0','truongtv','2021-12-13','7'),
(8,'truongtv','2021-12-13','\0','truongtv','2021-12-13','8'),
(9,'truongtv','2021-12-13','\0','truongtv','2021-12-13','9'),
(10,'truongtv','2021-12-13','\0','truongtv','2021-12-13','10'),
(11,'truongtv','2021-12-13','\0','truongtv','2021-12-13','11'),
(12,'truongtv','2021-12-13','\0','truongtv','2021-12-13','12'),
(13,'truongtv','2021-12-13','\0','truongtv','2021-12-13','13'),
(14,'truongtv','2021-12-13','\0','truongtv','2021-12-13','14'),
(15,'truongtv','2021-12-13','\0','truongtv','2021-12-13','15'),
(16,'truongtv','2021-12-13','\0','truongtv','2021-12-13','16'),
(17,'truongtv','2021-12-13','\0','truongtv','2021-12-13','17'),
(18,'truongtv','2021-12-13','\0','truongtv','2021-12-13','18'),
(19,'truongtv','2021-12-13','\0','truongtv','2021-12-13','19'),
(20,'truongtv','2021-12-13','\0','truongtv','2021-12-13','20'),
(21,'truongtv','2021-12-13','\0','truongtv','2021-12-13','21'),
(22,'truongtv','2021-12-13','\0','truongtv','2021-12-13','22'),
(23,'truongtv','2021-12-13','\0','truongtv','2021-12-13','23'),
(24,'truongtv','2021-12-13','\0','truongtv','2021-12-13','24'),
(25,'truongtv','2021-12-13','\0','truongtv','2021-12-13','25'),
(26,'truongtv','2021-12-13','\0','truongtv','2021-12-13','26'),
(27,'truongtv','2021-12-13','\0','truongtv','2021-12-13','27'),
(28,'truongtv','2021-12-13','\0','truongtv','2021-12-13','28'),
(29,'truongtv','2021-12-13','\0','truongtv','2021-12-13','29'),
(30,'truongtv','2021-12-13','\0','truongtv','2021-12-13','30'),
(31,'truongtv','2021-12-13','\0','truongtv','2021-12-13','0.6'),
(32,'truongtv','2021-12-13','\0','truongtv','2021-12-13','0.7'),
(33,'truongtv','2021-12-13','\0','truongtv','2021-12-13','0.8'),
(34,'truongtv','2021-12-13','\0','truongtv','2021-12-13','0.9'),
(35,'truongtv','2021-12-13','\0','truongtv','2021-12-13','1.1'),
(36,'truongtv','2021-12-13','\0','truongtv','2021-12-13','1.2'),
(37,'truongtv','2021-12-13','\0','truongtv','2021-12-13','1.3');

/*Table structure for table `history_salary` */

DROP TABLE IF EXISTS `history_salary`;

CREATE TABLE `history_salary` (
  `id` bigint NOT NULL AUTO_INCREMENT,
  `created_by` varchar(255) DEFAULT NULL,
  `created_date` date DEFAULT NULL,
  `deleted` bit(1) DEFAULT NULL,
  `modified_by` varchar(255) DEFAULT NULL,
  `modified_date` date DEFAULT NULL,
  `account_accept` varchar(255) DEFAULT NULL,
  `advance_salary` varchar(255) DEFAULT NULL,
  `bonus` varchar(255) DEFAULT NULL,
  `count_work` double DEFAULT NULL,
  `date_accept` date DEFAULT NULL,
  `penalty` varchar(255) DEFAULT NULL,
  `salary` varchar(255) DEFAULT NULL,
  `status` bit(1) DEFAULT NULL,
  `total_money` varchar(255) DEFAULT NULL,
  `employee_id` bigint DEFAULT NULL,
  PRIMARY KEY (`id`),
  KEY `FKl90fglpjpf6ku3keoivhved8h` (`employee_id`),
  CONSTRAINT `FKl90fglpjpf6ku3keoivhved8h` FOREIGN KEY (`employee_id`) REFERENCES `employee` (`id`)
) ENGINE=InnoDB AUTO_INCREMENT=11 DEFAULT CHARSET=utf8mb4 COLLATE=utf8mb4_0900_ai_ci;

/*Data for the table `history_salary` */

insert  into `history_salary`(`id`,`created_by`,`created_date`,`deleted`,`modified_by`,`modified_date`,`account_accept`,`advance_salary`,`bonus`,`count_work`,`date_accept`,`penalty`,`salary`,`status`,`total_money`,`employee_id`) values 
(1,'JOB_AUTO','2021-11-10','\0','JOB_AUTO','2021-11-10',NULL,'0','0',0,NULL,'0','1500000','\0','0',1),
(2,'JOB_AUTO','2021-11-10','\0','JOB_AUTO','2021-11-10',NULL,'0','0',0,NULL,'0','1500000','\0','0',2),
(3,'JOB_AUTO','2021-11-10','\0','JOB_AUTO','2021-11-10',NULL,'0','0',0,NULL,'0','1500000','\0','0',3),
(4,'JOB_AUTO','2021-11-10','\0','JOB_AUTO','2021-11-10',NULL,'0','0',0,NULL,'0','1500000','\0','0',4),
(5,'JOB_AUTO','2021-11-10','\0','JOB_AUTO','2021-11-10',NULL,'0','0',0,NULL,'0','1500000','\0','0',5),
(6,'JOB_AUTO','2021-12-10','\0','JOB_AUTO','2021-12-10',NULL,'0','0',0,NULL,'0','1500000','\0','0',1),
(7,'JOB_AUTO','2021-12-10','\0','JOB_AUTO','2021-12-10',NULL,'0','0',0,NULL,'0','1500000','\0','0',2),
(8,'JOB_AUTO','2021-12-10','\0','JOB_AUTO','2021-12-10',NULL,'0','0',0,NULL,'0','1500000','\0','0',3),
(9,'JOB_AUTO','2021-12-10','\0','JOB_AUTO','2021-12-10',NULL,'0','0',0,NULL,'0','1500000','\0','0',4),
(10,'JOB_AUTO','2021-12-10','\0','JOB_AUTO','2021-12-10',NULL,'0','0',0,NULL,'0','1500000','\0','0',5);

/*Table structure for table `material` */

DROP TABLE IF EXISTS `material`;

CREATE TABLE `material` (
  `id` bigint NOT NULL AUTO_INCREMENT,
  `created_by` varchar(255) DEFAULT NULL,
  `created_date` date DEFAULT NULL,
  `deleted` bit(1) DEFAULT NULL,
  `modified_by` varchar(255) DEFAULT NULL,
  `modified_date` date DEFAULT NULL,
  `check_material` bit(1) DEFAULT NULL,
  `name` varchar(255) DEFAULT NULL,
  `percent_choose_in_month` double DEFAULT NULL,
  `percent_choose_in_quarter_of_year` double DEFAULT NULL,
  `percent_choose_in_year` double DEFAULT NULL,
  `company_id` bigint DEFAULT NULL,
  `group_material_id` bigint DEFAULT NULL,
  `file_id` varchar(255) DEFAULT NULL,
  PRIMARY KEY (`id`),
  KEY `FK2vx2oaljp97had67t7fbdnx0k` (`company_id`),
  KEY `FKkv81od2ab5oq5yncmunn6e98u` (`group_material_id`),
  KEY `FKsbdkgfcwrb54d8s4a3b7liyft` (`file_id`),
  CONSTRAINT `FK2vx2oaljp97had67t7fbdnx0k` FOREIGN KEY (`company_id`) REFERENCES `company` (`id`),
  CONSTRAINT `FKkv81od2ab5oq5yncmunn6e98u` FOREIGN KEY (`group_material_id`) REFERENCES `group_material` (`id`),
  CONSTRAINT `FKsbdkgfcwrb54d8s4a3b7liyft` FOREIGN KEY (`file_id`) REFERENCES `file` (`id`)
) ENGINE=InnoDB AUTO_INCREMENT=10 DEFAULT CHARSET=utf8mb4 COLLATE=utf8mb4_0900_ai_ci;

/*Data for the table `material` */

insert  into `material`(`id`,`created_by`,`created_date`,`deleted`,`modified_by`,`modified_date`,`check_material`,`name`,`percent_choose_in_month`,`percent_choose_in_quarter_of_year`,`percent_choose_in_year`,`company_id`,`group_material_id`,`file_id`) values 
(1,'truongtv','2021-12-13','\0','truongtv','2021-12-13','\0','Laminate Kingdom',0,0,0,1,1,NULL),
(2,'truongtv','2021-12-13','\0','truongtv','2021-12-13','\0','Laminate IMO',0,0,0,1,1,NULL),
(3,'truongtv','2021-12-13','\0','truongtv','2021-12-13','\0','Laminate Formica',0,0,0,1,1,NULL),
(4,'truongtv','2021-12-13','\0','truongtv','2021-12-13','','MFC',0,0,0,1,5,NULL),
(5,'truongtv','2021-12-13','\0','truongtv','2021-12-13','','MDF',0,0,0,1,5,NULL),
(6,'truongtv','2021-12-13','\0','truongtv','2021-12-13','','HDF',0,0,0,1,5,NULL),
(7,'truongtv','2021-12-13','\0','truongtv','2021-12-13','','PB',0,0,0,1,5,NULL),
(8,'truongtv','2021-12-13','\0','truongtv','2021-12-13','','WPB',0,0,0,1,5,NULL),
(9,'truongtv','2021-12-13','\0','truongtv','2021-12-13','','Plywood',0,0,0,1,5,NULL);

/*Table structure for table `persona_leave_application` */

DROP TABLE IF EXISTS `persona_leave_application`;

CREATE TABLE `persona_leave_application` (
  `id` bigint NOT NULL AUTO_INCREMENT,
  `created_by` varchar(255) DEFAULT NULL,
  `created_date` date DEFAULT NULL,
  `deleted` bit(1) DEFAULT NULL,
  `modified_by` varchar(255) DEFAULT NULL,
  `modified_date` date DEFAULT NULL,
  `accept` varchar(255) DEFAULT NULL,
  `comment` varchar(255) DEFAULT NULL,
  `content` text,
  `date_accept` date DEFAULT NULL,
  `date_end` date DEFAULT NULL,
  `date_start` date DEFAULT NULL,
  `file_attach` varchar(255) DEFAULT NULL,
  `id_employee_accept` bigint DEFAULT NULL,
  `title` varchar(255) DEFAULT NULL,
  `employee_id` bigint DEFAULT NULL,
  PRIMARY KEY (`id`),
  KEY `FKe960gyn4br66hktqfakttfrqd` (`employee_id`),
  CONSTRAINT `FKe960gyn4br66hktqfakttfrqd` FOREIGN KEY (`employee_id`) REFERENCES `employee` (`id`)
) ENGINE=InnoDB DEFAULT CHARSET=utf8mb4 COLLATE=utf8mb4_0900_ai_ci;

/*Data for the table `persona_leave_application` */

/*Table structure for table `position` */

DROP TABLE IF EXISTS `position`;

CREATE TABLE `position` (
  `id` bigint NOT NULL AUTO_INCREMENT,
  `created_by` varchar(255) DEFAULT NULL,
  `created_date` date DEFAULT NULL,
  `deleted` bit(1) DEFAULT NULL,
  `modified_by` varchar(255) DEFAULT NULL,
  `modified_date` date DEFAULT NULL,
  `code` varchar(255) DEFAULT NULL,
  `name` varchar(255) DEFAULT NULL,
  PRIMARY KEY (`id`)
) ENGINE=InnoDB AUTO_INCREMENT=4 DEFAULT CHARSET=utf8mb4 COLLATE=utf8mb4_0900_ai_ci;

/*Data for the table `position` */

insert  into `position`(`id`,`created_by`,`created_date`,`deleted`,`modified_by`,`modified_date`,`code`,`name`) values 
(1,'truongtv','2021-12-10','\0','truongtv','2021-12-10','GD','Giám Đốc'),
(2,'truongtv','2021-12-10','\0','truongtv','2021-12-10','QL','Quản Lý'),
(3,'truongtv','2021-12-10','\0','truongtv','2021-12-10','NV','Nhân Viên');

/*Table structure for table `price_material` */

DROP TABLE IF EXISTS `price_material`;

CREATE TABLE `price_material` (
  `id` bigint NOT NULL AUTO_INCREMENT,
  `created_by` varchar(255) DEFAULT NULL,
  `created_date` date DEFAULT NULL,
  `deleted` bit(1) DEFAULT NULL,
  `modified_by` varchar(255) DEFAULT NULL,
  `modified_date` date DEFAULT NULL,
  `price` varchar(255) DEFAULT NULL,
  `frame_material_id` bigint DEFAULT NULL,
  `frame_height_material_id` bigint DEFAULT NULL,
  `material_id` bigint DEFAULT NULL,
  `unit_measure_id` bigint DEFAULT NULL,
  PRIMARY KEY (`id`),
  KEY `FKp4mc4rrxljbjn145glw2cv61d` (`frame_material_id`),
  KEY `FK3bohm3hutke5ugbfy6y77g23k` (`frame_height_material_id`),
  KEY `FKhyrv95fjodyhclrx2bi0ow66` (`material_id`),
  KEY `FKkr37ga2f9ttvn92l20jld1rqf` (`unit_measure_id`),
  CONSTRAINT `FK3bohm3hutke5ugbfy6y77g23k` FOREIGN KEY (`frame_height_material_id`) REFERENCES `height_material` (`id`),
  CONSTRAINT `FKhyrv95fjodyhclrx2bi0ow66` FOREIGN KEY (`material_id`) REFERENCES `material` (`id`),
  CONSTRAINT `FKkr37ga2f9ttvn92l20jld1rqf` FOREIGN KEY (`unit_measure_id`) REFERENCES `unit_measure` (`id`),
  CONSTRAINT `FKp4mc4rrxljbjn145glw2cv61d` FOREIGN KEY (`frame_material_id`) REFERENCES `frame_material` (`id`)
) ENGINE=InnoDB AUTO_INCREMENT=919 DEFAULT CHARSET=utf8mb4 COLLATE=utf8mb4_0900_ai_ci;

/*Data for the table `price_material` */

insert  into `price_material`(`id`,`created_by`,`created_date`,`deleted`,`modified_by`,`modified_date`,`price`,`frame_material_id`,`frame_height_material_id`,`material_id`,`unit_measure_id`) values 
(1,'truongtv','2021-12-13','\0','truongtv','2021-12-13','100000',6,31,1,1),
(2,'truongtv','2021-12-13','\0','truongtv','2021-12-13','100000',6,32,1,1),
(3,'truongtv','2021-12-13','\0','truongtv','2021-12-13','100000',6,33,1,1),
(4,'truongtv','2021-12-13','\0','truongtv','2021-12-13','100000',6,34,1,1),
(5,'truongtv','2021-12-13','\0','truongtv','2021-12-13','100000',6,35,1,1),
(6,'truongtv','2021-12-13','\0','truongtv','2021-12-13','100000',6,36,1,1),
(7,'truongtv','2021-12-13','\0','truongtv','2021-12-13','100000',6,37,1,1),
(8,'truongtv','2021-12-13','\0','truongtv','2021-12-13','100000',4,31,1,1),
(9,'truongtv','2021-12-13','\0','truongtv','2021-12-13','100000',4,32,1,1),
(10,'truongtv','2021-12-13','\0','truongtv','2021-12-13','100000',4,33,1,1),
(11,'truongtv','2021-12-13','\0','truongtv','2021-12-13','100000',4,34,1,1),
(12,'truongtv','2021-12-13','\0','truongtv','2021-12-13','100000',4,35,1,1),
(13,'truongtv','2021-12-13','\0','truongtv','2021-12-13','100000',4,36,1,1),
(14,'truongtv','2021-12-13','\0','truongtv','2021-12-13','100000',4,37,1,1),
(15,'truongtv','2021-12-13','\0','truongtv','2021-12-13','100000',5,31,1,1),
(16,'truongtv','2021-12-13','\0','truongtv','2021-12-13','100000',5,32,1,1),
(17,'truongtv','2021-12-13','\0','truongtv','2021-12-13','100000',5,33,1,1),
(18,'truongtv','2021-12-13','\0','truongtv','2021-12-13','100000',5,34,1,1),
(19,'truongtv','2021-12-13','\0','truongtv','2021-12-13','100000',5,35,1,1),
(20,'truongtv','2021-12-13','\0','truongtv','2021-12-13','100000',5,36,1,1),
(21,'truongtv','2021-12-13','\0','truongtv','2021-12-13','100000',5,37,1,1),
(22,'truongtv','2021-12-13','\0','truongtv','2021-12-13','100000',3,31,1,1),
(23,'truongtv','2021-12-13','\0','truongtv','2021-12-13','100000',3,32,1,1),
(24,'truongtv','2021-12-13','\0','truongtv','2021-12-13','100000',3,33,1,1),
(25,'truongtv','2021-12-13','\0','truongtv','2021-12-13','100000',3,34,1,1),
(26,'truongtv','2021-12-13','\0','truongtv','2021-12-13','100000',3,35,1,1),
(27,'truongtv','2021-12-13','\0','truongtv','2021-12-13','100000',3,36,1,1),
(28,'truongtv','2021-12-13','\0','truongtv','2021-12-13','100000',3,37,1,1),
(29,'truongtv','2021-12-13','\0','truongtv','2021-12-13','100000',2,31,1,1),
(30,'truongtv','2021-12-13','\0','truongtv','2021-12-13','100000',2,32,1,1),
(31,'truongtv','2021-12-13','\0','truongtv','2021-12-13','100000',2,33,1,1),
(32,'truongtv','2021-12-13','\0','truongtv','2021-12-13','100000',2,34,1,1),
(33,'truongtv','2021-12-13','\0','truongtv','2021-12-13','100000',2,35,1,1),
(34,'truongtv','2021-12-13','\0','truongtv','2021-12-13','100000',2,36,1,1),
(35,'truongtv','2021-12-13','\0','truongtv','2021-12-13','100000',2,37,1,1),
(36,'truongtv','2021-12-13','\0','truongtv','2021-12-13','100000',1,31,1,1),
(37,'truongtv','2021-12-13','\0','truongtv','2021-12-13','100000',1,32,1,1),
(38,'truongtv','2021-12-13','\0','truongtv','2021-12-13','100000',1,33,1,1),
(39,'truongtv','2021-12-13','\0','truongtv','2021-12-13','100000',1,34,1,1),
(40,'truongtv','2021-12-13','\0','truongtv','2021-12-13','100000',1,35,1,1),
(41,'truongtv','2021-12-13','\0','truongtv','2021-12-13','100000',1,36,1,1),
(42,'truongtv','2021-12-13','\0','truongtv','2021-12-13','100000',1,37,1,1),
(43,'truongtv','2021-12-13','\0','truongtv','2021-12-13','100000',6,31,2,1),
(44,'truongtv','2021-12-13','\0','truongtv','2021-12-13','100000',6,32,2,1),
(45,'truongtv','2021-12-13','\0','truongtv','2021-12-13','100000',6,33,2,1),
(46,'truongtv','2021-12-13','\0','truongtv','2021-12-13','100000',6,34,2,1),
(47,'truongtv','2021-12-13','\0','truongtv','2021-12-13','100000',6,35,2,1),
(48,'truongtv','2021-12-13','\0','truongtv','2021-12-13','100000',6,36,2,1),
(49,'truongtv','2021-12-13','\0','truongtv','2021-12-13','100000',6,37,2,1),
(50,'truongtv','2021-12-13','\0','truongtv','2021-12-13','100000',4,31,2,1),
(51,'truongtv','2021-12-13','\0','truongtv','2021-12-13','100000',4,32,2,1),
(52,'truongtv','2021-12-13','\0','truongtv','2021-12-13','100000',4,33,2,1),
(53,'truongtv','2021-12-13','\0','truongtv','2021-12-13','100000',4,34,2,1),
(54,'truongtv','2021-12-13','\0','truongtv','2021-12-13','100000',4,35,2,1),
(55,'truongtv','2021-12-13','\0','truongtv','2021-12-13','100000',4,36,2,1),
(56,'truongtv','2021-12-13','\0','truongtv','2021-12-13','100000',4,37,2,1),
(57,'truongtv','2021-12-13','\0','truongtv','2021-12-13','100000',5,31,2,1),
(58,'truongtv','2021-12-13','\0','truongtv','2021-12-13','100000',5,32,2,1),
(59,'truongtv','2021-12-13','\0','truongtv','2021-12-13','100000',5,33,2,1),
(60,'truongtv','2021-12-13','\0','truongtv','2021-12-13','100000',5,34,2,1),
(61,'truongtv','2021-12-13','\0','truongtv','2021-12-13','100000',5,35,2,1),
(62,'truongtv','2021-12-13','\0','truongtv','2021-12-13','100000',5,36,2,1),
(63,'truongtv','2021-12-13','\0','truongtv','2021-12-13','100000',5,37,2,1),
(64,'truongtv','2021-12-13','\0','truongtv','2021-12-13','100000',3,31,2,1),
(65,'truongtv','2021-12-13','\0','truongtv','2021-12-13','100000',3,32,2,1),
(66,'truongtv','2021-12-13','\0','truongtv','2021-12-13','100000',3,33,2,1),
(67,'truongtv','2021-12-13','\0','truongtv','2021-12-13','100000',3,34,2,1),
(68,'truongtv','2021-12-13','\0','truongtv','2021-12-13','100000',3,35,2,1),
(69,'truongtv','2021-12-13','\0','truongtv','2021-12-13','100000',3,36,2,1),
(70,'truongtv','2021-12-13','\0','truongtv','2021-12-13','100000',3,37,2,1),
(71,'truongtv','2021-12-13','\0','truongtv','2021-12-13','100000',2,31,2,1),
(72,'truongtv','2021-12-13','\0','truongtv','2021-12-13','100000',2,32,2,1),
(73,'truongtv','2021-12-13','\0','truongtv','2021-12-13','100000',2,33,2,1),
(74,'truongtv','2021-12-13','\0','truongtv','2021-12-13','100000',2,34,2,1),
(75,'truongtv','2021-12-13','\0','truongtv','2021-12-13','100000',2,35,2,1),
(76,'truongtv','2021-12-13','\0','truongtv','2021-12-13','100000',2,36,2,1),
(77,'truongtv','2021-12-13','\0','truongtv','2021-12-13','100000',2,37,2,1),
(78,'truongtv','2021-12-13','\0','truongtv','2021-12-13','100000',1,31,2,1),
(79,'truongtv','2021-12-13','\0','truongtv','2021-12-13','100000',1,32,2,1),
(80,'truongtv','2021-12-13','\0','truongtv','2021-12-13','100000',1,33,2,1),
(81,'truongtv','2021-12-13','\0','truongtv','2021-12-13','100000',1,34,2,1),
(82,'truongtv','2021-12-13','\0','truongtv','2021-12-13','100000',1,35,2,1),
(83,'truongtv','2021-12-13','\0','truongtv','2021-12-13','100000',1,36,2,1),
(84,'truongtv','2021-12-13','\0','truongtv','2021-12-13','100000',1,37,2,1),
(85,'truongtv','2021-12-13','\0','truongtv','2021-12-13','100000',6,31,3,1),
(86,'truongtv','2021-12-13','\0','truongtv','2021-12-13','100000',6,32,3,1),
(87,'truongtv','2021-12-13','\0','truongtv','2021-12-13','100000',6,33,3,1),
(88,'truongtv','2021-12-13','\0','truongtv','2021-12-13','100000',6,34,3,1),
(89,'truongtv','2021-12-13','\0','truongtv','2021-12-13','100000',6,35,3,1),
(90,'truongtv','2021-12-13','\0','truongtv','2021-12-13','100000',6,36,3,1),
(91,'truongtv','2021-12-13','\0','truongtv','2021-12-13','100000',6,37,3,1),
(92,'truongtv','2021-12-13','\0','truongtv','2021-12-13','100000',4,31,3,1),
(93,'truongtv','2021-12-13','\0','truongtv','2021-12-13','100000',4,32,3,1),
(94,'truongtv','2021-12-13','\0','truongtv','2021-12-13','100000',4,33,3,1),
(95,'truongtv','2021-12-13','\0','truongtv','2021-12-13','100000',4,34,3,1),
(96,'truongtv','2021-12-13','\0','truongtv','2021-12-13','100000',4,35,3,1),
(97,'truongtv','2021-12-13','\0','truongtv','2021-12-13','100000',4,36,3,1),
(98,'truongtv','2021-12-13','\0','truongtv','2021-12-13','100000',4,37,3,1),
(99,'truongtv','2021-12-13','\0','truongtv','2021-12-13','100000',5,31,3,1),
(100,'truongtv','2021-12-13','\0','truongtv','2021-12-13','100000',5,32,3,1),
(101,'truongtv','2021-12-13','\0','truongtv','2021-12-13','100000',5,33,3,1),
(102,'truongtv','2021-12-13','\0','truongtv','2021-12-13','100000',5,34,3,1),
(103,'truongtv','2021-12-13','\0','truongtv','2021-12-13','100000',5,35,3,1),
(104,'truongtv','2021-12-13','\0','truongtv','2021-12-13','100000',5,36,3,1),
(105,'truongtv','2021-12-13','\0','truongtv','2021-12-13','100000',5,37,3,1),
(106,'truongtv','2021-12-13','\0','truongtv','2021-12-13','100000',3,31,3,1),
(107,'truongtv','2021-12-13','\0','truongtv','2021-12-13','100000',3,32,3,1),
(108,'truongtv','2021-12-13','\0','truongtv','2021-12-13','100000',3,33,3,1),
(109,'truongtv','2021-12-13','\0','truongtv','2021-12-13','100000',3,34,3,1),
(110,'truongtv','2021-12-13','\0','truongtv','2021-12-13','100000',3,35,3,1),
(111,'truongtv','2021-12-13','\0','truongtv','2021-12-13','100000',3,36,3,1),
(112,'truongtv','2021-12-13','\0','truongtv','2021-12-13','100000',3,37,3,1),
(113,'truongtv','2021-12-13','\0','truongtv','2021-12-13','100000',2,31,3,1),
(114,'truongtv','2021-12-13','\0','truongtv','2021-12-13','100000',2,32,3,1),
(115,'truongtv','2021-12-13','\0','truongtv','2021-12-13','100000',2,33,3,1),
(116,'truongtv','2021-12-13','\0','truongtv','2021-12-13','100000',2,34,3,1),
(117,'truongtv','2021-12-13','\0','truongtv','2021-12-13','100000',2,35,3,1),
(118,'truongtv','2021-12-13','\0','truongtv','2021-12-13','100000',2,36,3,1),
(119,'truongtv','2021-12-13','\0','truongtv','2021-12-13','100000',2,37,3,1),
(120,'truongtv','2021-12-13','\0','truongtv','2021-12-13','100000',1,31,3,1),
(121,'truongtv','2021-12-13','\0','truongtv','2021-12-13','100000',1,32,3,1),
(122,'truongtv','2021-12-13','\0','truongtv','2021-12-13','100000',1,33,3,1),
(123,'truongtv','2021-12-13','\0','truongtv','2021-12-13','100000',1,34,3,1),
(124,'truongtv','2021-12-13','\0','truongtv','2021-12-13','100000',1,35,3,1),
(125,'truongtv','2021-12-13','\0','truongtv','2021-12-13','100000',1,36,3,1),
(126,'truongtv','2021-12-13','\0','truongtv','2021-12-13','100000',1,37,3,1),
(127,'truongtv','2021-12-13','\0','truongtv','2021-12-13','1000000',6,9,4,1),
(128,'truongtv','2021-12-13','\0','truongtv','2021-12-13','1000000',6,10,4,1),
(129,'truongtv','2021-12-13','\0','truongtv','2021-12-13','1000000',6,11,4,1),
(130,'truongtv','2021-12-13','\0','truongtv','2021-12-13','1000000',6,12,4,1),
(131,'truongtv','2021-12-13','\0','truongtv','2021-12-13','1000000',6,13,4,1),
(132,'truongtv','2021-12-13','\0','truongtv','2021-12-13','1000000',6,14,4,1),
(133,'truongtv','2021-12-13','\0','truongtv','2021-12-13','1000000',6,15,4,1),
(134,'truongtv','2021-12-13','\0','truongtv','2021-12-13','1000000',6,16,4,1),
(135,'truongtv','2021-12-13','\0','truongtv','2021-12-13','1000000',6,17,4,1),
(136,'truongtv','2021-12-13','\0','truongtv','2021-12-13','1000000',6,18,4,1),
(137,'truongtv','2021-12-13','\0','truongtv','2021-12-13','1000000',6,19,4,1),
(138,'truongtv','2021-12-13','\0','truongtv','2021-12-13','1000000',6,20,4,1),
(139,'truongtv','2021-12-13','\0','truongtv','2021-12-13','1000000',6,21,4,1),
(140,'truongtv','2021-12-13','\0','truongtv','2021-12-13','1000000',6,22,4,1),
(141,'truongtv','2021-12-13','\0','truongtv','2021-12-13','1000000',6,23,4,1),
(142,'truongtv','2021-12-13','\0','truongtv','2021-12-13','1000000',6,24,4,1),
(143,'truongtv','2021-12-13','\0','truongtv','2021-12-13','1000000',6,25,4,1),
(144,'truongtv','2021-12-13','\0','truongtv','2021-12-13','1000000',6,26,4,1),
(145,'truongtv','2021-12-13','\0','truongtv','2021-12-13','1000000',6,27,4,1),
(146,'truongtv','2021-12-13','\0','truongtv','2021-12-13','1000000',6,28,4,1),
(147,'truongtv','2021-12-13','\0','truongtv','2021-12-13','1000000',6,29,4,1),
(148,'truongtv','2021-12-13','\0','truongtv','2021-12-13','1000000',6,30,4,1),
(149,'truongtv','2021-12-13','\0','truongtv','2021-12-13','1000000',5,9,4,1),
(150,'truongtv','2021-12-13','\0','truongtv','2021-12-13','1000000',5,10,4,1),
(151,'truongtv','2021-12-13','\0','truongtv','2021-12-13','1000000',5,11,4,1),
(152,'truongtv','2021-12-13','\0','truongtv','2021-12-13','1000000',5,12,4,1),
(153,'truongtv','2021-12-13','\0','truongtv','2021-12-13','1000000',5,13,4,1),
(154,'truongtv','2021-12-13','\0','truongtv','2021-12-13','1000000',5,14,4,1),
(155,'truongtv','2021-12-13','\0','truongtv','2021-12-13','1000000',5,15,4,1),
(156,'truongtv','2021-12-13','\0','truongtv','2021-12-13','1000000',5,16,4,1),
(157,'truongtv','2021-12-13','\0','truongtv','2021-12-13','1000000',5,17,4,1),
(158,'truongtv','2021-12-13','\0','truongtv','2021-12-13','1000000',5,18,4,1),
(159,'truongtv','2021-12-13','\0','truongtv','2021-12-13','1000000',5,19,4,1),
(160,'truongtv','2021-12-13','\0','truongtv','2021-12-13','1000000',5,20,4,1),
(161,'truongtv','2021-12-13','\0','truongtv','2021-12-13','1000000',5,21,4,1),
(162,'truongtv','2021-12-13','\0','truongtv','2021-12-13','1000000',5,22,4,1),
(163,'truongtv','2021-12-13','\0','truongtv','2021-12-13','1000000',5,23,4,1),
(164,'truongtv','2021-12-13','\0','truongtv','2021-12-13','1000000',5,24,4,1),
(165,'truongtv','2021-12-13','\0','truongtv','2021-12-13','1000000',5,25,4,1),
(166,'truongtv','2021-12-13','\0','truongtv','2021-12-13','1000000',5,26,4,1),
(167,'truongtv','2021-12-13','\0','truongtv','2021-12-13','1000000',5,27,4,1),
(168,'truongtv','2021-12-13','\0','truongtv','2021-12-13','1000000',5,28,4,1),
(169,'truongtv','2021-12-13','\0','truongtv','2021-12-13','1000000',5,29,4,1),
(170,'truongtv','2021-12-13','\0','truongtv','2021-12-13','1000000',5,30,4,1),
(171,'truongtv','2021-12-13','\0','truongtv','2021-12-13','1000000',4,9,4,1),
(172,'truongtv','2021-12-13','\0','truongtv','2021-12-13','1000000',4,10,4,1),
(173,'truongtv','2021-12-13','\0','truongtv','2021-12-13','1000000',4,11,4,1),
(174,'truongtv','2021-12-13','\0','truongtv','2021-12-13','1000000',4,12,4,1),
(175,'truongtv','2021-12-13','\0','truongtv','2021-12-13','1000000',4,13,4,1),
(176,'truongtv','2021-12-13','\0','truongtv','2021-12-13','1000000',4,14,4,1),
(177,'truongtv','2021-12-13','\0','truongtv','2021-12-13','1000000',4,15,4,1),
(178,'truongtv','2021-12-13','\0','truongtv','2021-12-13','1000000',4,16,4,1),
(179,'truongtv','2021-12-13','\0','truongtv','2021-12-13','1000000',4,17,4,1),
(180,'truongtv','2021-12-13','\0','truongtv','2021-12-13','1000000',4,18,4,1),
(181,'truongtv','2021-12-13','\0','truongtv','2021-12-13','1000000',4,19,4,1),
(182,'truongtv','2021-12-13','\0','truongtv','2021-12-13','1000000',4,20,4,1),
(183,'truongtv','2021-12-13','\0','truongtv','2021-12-13','1000000',4,21,4,1),
(184,'truongtv','2021-12-13','\0','truongtv','2021-12-13','1000000',4,22,4,1),
(185,'truongtv','2021-12-13','\0','truongtv','2021-12-13','1000000',4,23,4,1),
(186,'truongtv','2021-12-13','\0','truongtv','2021-12-13','1000000',4,24,4,1),
(187,'truongtv','2021-12-13','\0','truongtv','2021-12-13','1000000',4,25,4,1),
(188,'truongtv','2021-12-13','\0','truongtv','2021-12-13','1000000',4,26,4,1),
(189,'truongtv','2021-12-13','\0','truongtv','2021-12-13','1000000',4,27,4,1),
(190,'truongtv','2021-12-13','\0','truongtv','2021-12-13','1000000',4,28,4,1),
(191,'truongtv','2021-12-13','\0','truongtv','2021-12-13','1000000',4,29,4,1),
(192,'truongtv','2021-12-13','\0','truongtv','2021-12-13','1000000',4,30,4,1),
(193,'truongtv','2021-12-13','\0','truongtv','2021-12-13','1000000',1,9,4,1),
(194,'truongtv','2021-12-13','\0','truongtv','2021-12-13','1000000',1,10,4,1),
(195,'truongtv','2021-12-13','\0','truongtv','2021-12-13','1000000',1,11,4,1),
(196,'truongtv','2021-12-13','\0','truongtv','2021-12-13','1000000',1,12,4,1),
(197,'truongtv','2021-12-13','\0','truongtv','2021-12-13','1000000',1,13,4,1),
(198,'truongtv','2021-12-13','\0','truongtv','2021-12-13','1000000',1,14,4,1),
(199,'truongtv','2021-12-13','\0','truongtv','2021-12-13','1000000',1,15,4,1),
(200,'truongtv','2021-12-13','\0','truongtv','2021-12-13','1000000',1,16,4,1),
(201,'truongtv','2021-12-13','\0','truongtv','2021-12-13','1000000',1,17,4,1),
(202,'truongtv','2021-12-13','\0','truongtv','2021-12-13','1000000',1,18,4,1),
(203,'truongtv','2021-12-13','\0','truongtv','2021-12-13','1000000',1,19,4,1),
(204,'truongtv','2021-12-13','\0','truongtv','2021-12-13','1000000',1,20,4,1),
(205,'truongtv','2021-12-13','\0','truongtv','2021-12-13','1000000',1,21,4,1),
(206,'truongtv','2021-12-13','\0','truongtv','2021-12-13','1000000',1,22,4,1),
(207,'truongtv','2021-12-13','\0','truongtv','2021-12-13','1000000',1,23,4,1),
(208,'truongtv','2021-12-13','\0','truongtv','2021-12-13','1000000',1,24,4,1),
(209,'truongtv','2021-12-13','\0','truongtv','2021-12-13','1000000',1,25,4,1),
(210,'truongtv','2021-12-13','\0','truongtv','2021-12-13','1000000',1,26,4,1),
(211,'truongtv','2021-12-13','\0','truongtv','2021-12-13','1000000',1,27,4,1),
(212,'truongtv','2021-12-13','\0','truongtv','2021-12-13','1000000',1,28,4,1),
(213,'truongtv','2021-12-13','\0','truongtv','2021-12-13','1000000',1,29,4,1),
(214,'truongtv','2021-12-13','\0','truongtv','2021-12-13','1000000',1,30,4,1),
(215,'truongtv','2021-12-13','\0','truongtv','2021-12-13','1000000',3,9,4,1),
(216,'truongtv','2021-12-13','\0','truongtv','2021-12-13','1000000',3,10,4,1),
(217,'truongtv','2021-12-13','\0','truongtv','2021-12-13','1000000',3,11,4,1),
(218,'truongtv','2021-12-13','\0','truongtv','2021-12-13','1000000',3,12,4,1),
(219,'truongtv','2021-12-13','\0','truongtv','2021-12-13','1000000',3,13,4,1),
(220,'truongtv','2021-12-13','\0','truongtv','2021-12-13','1000000',3,14,4,1),
(221,'truongtv','2021-12-13','\0','truongtv','2021-12-13','1000000',3,15,4,1),
(222,'truongtv','2021-12-13','\0','truongtv','2021-12-13','1000000',3,16,4,1),
(223,'truongtv','2021-12-13','\0','truongtv','2021-12-13','1000000',3,17,4,1),
(224,'truongtv','2021-12-13','\0','truongtv','2021-12-13','1000000',3,18,4,1),
(225,'truongtv','2021-12-13','\0','truongtv','2021-12-13','1000000',3,19,4,1),
(226,'truongtv','2021-12-13','\0','truongtv','2021-12-13','1000000',3,20,4,1),
(227,'truongtv','2021-12-13','\0','truongtv','2021-12-13','1000000',3,21,4,1),
(228,'truongtv','2021-12-13','\0','truongtv','2021-12-13','1000000',3,22,4,1),
(229,'truongtv','2021-12-13','\0','truongtv','2021-12-13','1000000',3,23,4,1),
(230,'truongtv','2021-12-13','\0','truongtv','2021-12-13','1000000',3,24,4,1),
(231,'truongtv','2021-12-13','\0','truongtv','2021-12-13','1000000',3,25,4,1),
(232,'truongtv','2021-12-13','\0','truongtv','2021-12-13','1000000',3,26,4,1),
(233,'truongtv','2021-12-13','\0','truongtv','2021-12-13','1000000',3,27,4,1),
(234,'truongtv','2021-12-13','\0','truongtv','2021-12-13','1000000',3,28,4,1),
(235,'truongtv','2021-12-13','\0','truongtv','2021-12-13','1000000',3,29,4,1),
(236,'truongtv','2021-12-13','\0','truongtv','2021-12-13','1000000',3,30,4,1),
(237,'truongtv','2021-12-13','\0','truongtv','2021-12-13','1000000',2,9,4,1),
(238,'truongtv','2021-12-13','\0','truongtv','2021-12-13','1000000',2,10,4,1),
(239,'truongtv','2021-12-13','\0','truongtv','2021-12-13','1000000',2,11,4,1),
(240,'truongtv','2021-12-13','\0','truongtv','2021-12-13','1000000',2,12,4,1),
(241,'truongtv','2021-12-13','\0','truongtv','2021-12-13','1000000',2,13,4,1),
(242,'truongtv','2021-12-13','\0','truongtv','2021-12-13','1000000',2,14,4,1),
(243,'truongtv','2021-12-13','\0','truongtv','2021-12-13','1000000',2,15,4,1),
(244,'truongtv','2021-12-13','\0','truongtv','2021-12-13','1000000',2,16,4,1),
(245,'truongtv','2021-12-13','\0','truongtv','2021-12-13','1000000',2,17,4,1),
(246,'truongtv','2021-12-13','\0','truongtv','2021-12-13','1000000',2,18,4,1),
(247,'truongtv','2021-12-13','\0','truongtv','2021-12-13','1000000',2,19,4,1),
(248,'truongtv','2021-12-13','\0','truongtv','2021-12-13','1000000',2,20,4,1),
(249,'truongtv','2021-12-13','\0','truongtv','2021-12-13','1000000',2,21,4,1),
(250,'truongtv','2021-12-13','\0','truongtv','2021-12-13','1000000',2,22,4,1),
(251,'truongtv','2021-12-13','\0','truongtv','2021-12-13','1000000',2,23,4,1),
(252,'truongtv','2021-12-13','\0','truongtv','2021-12-13','1000000',2,24,4,1),
(253,'truongtv','2021-12-13','\0','truongtv','2021-12-13','1000000',2,25,4,1),
(254,'truongtv','2021-12-13','\0','truongtv','2021-12-13','1000000',2,26,4,1),
(255,'truongtv','2021-12-13','\0','truongtv','2021-12-13','1000000',2,27,4,1),
(256,'truongtv','2021-12-13','\0','truongtv','2021-12-13','1000000',2,28,4,1),
(257,'truongtv','2021-12-13','\0','truongtv','2021-12-13','1000000',2,29,4,1),
(258,'truongtv','2021-12-13','\0','truongtv','2021-12-13','1000000',2,30,4,1),
(259,'truongtv','2021-12-13','\0','truongtv','2021-12-13','1000000',6,9,5,1),
(260,'truongtv','2021-12-13','\0','truongtv','2021-12-13','1000000',6,10,5,1),
(261,'truongtv','2021-12-13','\0','truongtv','2021-12-13','1000000',6,11,5,1),
(262,'truongtv','2021-12-13','\0','truongtv','2021-12-13','1000000',6,12,5,1),
(263,'truongtv','2021-12-13','\0','truongtv','2021-12-13','1000000',6,13,5,1),
(264,'truongtv','2021-12-13','\0','truongtv','2021-12-13','1000000',6,14,5,1),
(265,'truongtv','2021-12-13','\0','truongtv','2021-12-13','1000000',6,15,5,1),
(266,'truongtv','2021-12-13','\0','truongtv','2021-12-13','1000000',6,16,5,1),
(267,'truongtv','2021-12-13','\0','truongtv','2021-12-13','1000000',6,17,5,1),
(268,'truongtv','2021-12-13','\0','truongtv','2021-12-13','1000000',6,18,5,1),
(269,'truongtv','2021-12-13','\0','truongtv','2021-12-13','1000000',6,19,5,1),
(270,'truongtv','2021-12-13','\0','truongtv','2021-12-13','1000000',6,20,5,1),
(271,'truongtv','2021-12-13','\0','truongtv','2021-12-13','1000000',6,21,5,1),
(272,'truongtv','2021-12-13','\0','truongtv','2021-12-13','1000000',6,22,5,1),
(273,'truongtv','2021-12-13','\0','truongtv','2021-12-13','1000000',6,23,5,1),
(274,'truongtv','2021-12-13','\0','truongtv','2021-12-13','1000000',6,24,5,1),
(275,'truongtv','2021-12-13','\0','truongtv','2021-12-13','1000000',6,25,5,1),
(276,'truongtv','2021-12-13','\0','truongtv','2021-12-13','1000000',6,26,5,1),
(277,'truongtv','2021-12-13','\0','truongtv','2021-12-13','1000000',6,27,5,1),
(278,'truongtv','2021-12-13','\0','truongtv','2021-12-13','1000000',6,28,5,1),
(279,'truongtv','2021-12-13','\0','truongtv','2021-12-13','1000000',6,29,5,1),
(280,'truongtv','2021-12-13','\0','truongtv','2021-12-13','1000000',6,30,5,1),
(281,'truongtv','2021-12-13','\0','truongtv','2021-12-13','1000000',5,9,5,1),
(282,'truongtv','2021-12-13','\0','truongtv','2021-12-13','1000000',5,10,5,1),
(283,'truongtv','2021-12-13','\0','truongtv','2021-12-13','1000000',5,11,5,1),
(284,'truongtv','2021-12-13','\0','truongtv','2021-12-13','1000000',5,12,5,1),
(285,'truongtv','2021-12-13','\0','truongtv','2021-12-13','1000000',5,13,5,1),
(286,'truongtv','2021-12-13','\0','truongtv','2021-12-13','1000000',5,14,5,1),
(287,'truongtv','2021-12-13','\0','truongtv','2021-12-13','1000000',5,15,5,1),
(288,'truongtv','2021-12-13','\0','truongtv','2021-12-13','1000000',5,16,5,1),
(289,'truongtv','2021-12-13','\0','truongtv','2021-12-13','1000000',5,17,5,1),
(290,'truongtv','2021-12-13','\0','truongtv','2021-12-13','1000000',5,18,5,1),
(291,'truongtv','2021-12-13','\0','truongtv','2021-12-13','1000000',5,19,5,1),
(292,'truongtv','2021-12-13','\0','truongtv','2021-12-13','1000000',5,20,5,1),
(293,'truongtv','2021-12-13','\0','truongtv','2021-12-13','1000000',5,21,5,1),
(294,'truongtv','2021-12-13','\0','truongtv','2021-12-13','1000000',5,22,5,1),
(295,'truongtv','2021-12-13','\0','truongtv','2021-12-13','1000000',5,23,5,1),
(296,'truongtv','2021-12-13','\0','truongtv','2021-12-13','1000000',5,24,5,1),
(297,'truongtv','2021-12-13','\0','truongtv','2021-12-13','1000000',5,25,5,1),
(298,'truongtv','2021-12-13','\0','truongtv','2021-12-13','1000000',5,26,5,1),
(299,'truongtv','2021-12-13','\0','truongtv','2021-12-13','1000000',5,27,5,1),
(300,'truongtv','2021-12-13','\0','truongtv','2021-12-13','1000000',5,28,5,1),
(301,'truongtv','2021-12-13','\0','truongtv','2021-12-13','1000000',5,29,5,1),
(302,'truongtv','2021-12-13','\0','truongtv','2021-12-13','1000000',5,30,5,1),
(303,'truongtv','2021-12-13','\0','truongtv','2021-12-13','1000000',4,9,5,1),
(304,'truongtv','2021-12-13','\0','truongtv','2021-12-13','1000000',4,10,5,1),
(305,'truongtv','2021-12-13','\0','truongtv','2021-12-13','1000000',4,11,5,1),
(306,'truongtv','2021-12-13','\0','truongtv','2021-12-13','1000000',4,12,5,1),
(307,'truongtv','2021-12-13','\0','truongtv','2021-12-13','1000000',4,13,5,1),
(308,'truongtv','2021-12-13','\0','truongtv','2021-12-13','1000000',4,14,5,1),
(309,'truongtv','2021-12-13','\0','truongtv','2021-12-13','1000000',4,15,5,1),
(310,'truongtv','2021-12-13','\0','truongtv','2021-12-13','1000000',4,16,5,1),
(311,'truongtv','2021-12-13','\0','truongtv','2021-12-13','1000000',4,17,5,1),
(312,'truongtv','2021-12-13','\0','truongtv','2021-12-13','1000000',4,18,5,1),
(313,'truongtv','2021-12-13','\0','truongtv','2021-12-13','1000000',4,19,5,1),
(314,'truongtv','2021-12-13','\0','truongtv','2021-12-13','1000000',4,20,5,1),
(315,'truongtv','2021-12-13','\0','truongtv','2021-12-13','1000000',4,21,5,1),
(316,'truongtv','2021-12-13','\0','truongtv','2021-12-13','1000000',4,22,5,1),
(317,'truongtv','2021-12-13','\0','truongtv','2021-12-13','1000000',4,23,5,1),
(318,'truongtv','2021-12-13','\0','truongtv','2021-12-13','1000000',4,24,5,1),
(319,'truongtv','2021-12-13','\0','truongtv','2021-12-13','1000000',4,25,5,1),
(320,'truongtv','2021-12-13','\0','truongtv','2021-12-13','1000000',4,26,5,1),
(321,'truongtv','2021-12-13','\0','truongtv','2021-12-13','1000000',4,27,5,1),
(322,'truongtv','2021-12-13','\0','truongtv','2021-12-13','1000000',4,28,5,1),
(323,'truongtv','2021-12-13','\0','truongtv','2021-12-13','1000000',4,29,5,1),
(324,'truongtv','2021-12-13','\0','truongtv','2021-12-13','1000000',4,30,5,1),
(325,'truongtv','2021-12-13','\0','truongtv','2021-12-13','1000000',1,9,5,1),
(326,'truongtv','2021-12-13','\0','truongtv','2021-12-13','1000000',1,10,5,1),
(327,'truongtv','2021-12-13','\0','truongtv','2021-12-13','1000000',1,11,5,1),
(328,'truongtv','2021-12-13','\0','truongtv','2021-12-13','1000000',1,12,5,1),
(329,'truongtv','2021-12-13','\0','truongtv','2021-12-13','1000000',1,13,5,1),
(330,'truongtv','2021-12-13','\0','truongtv','2021-12-13','1000000',1,14,5,1),
(331,'truongtv','2021-12-13','\0','truongtv','2021-12-13','1000000',1,15,5,1),
(332,'truongtv','2021-12-13','\0','truongtv','2021-12-13','1000000',1,16,5,1),
(333,'truongtv','2021-12-13','\0','truongtv','2021-12-13','1000000',1,17,5,1),
(334,'truongtv','2021-12-13','\0','truongtv','2021-12-13','1000000',1,18,5,1),
(335,'truongtv','2021-12-13','\0','truongtv','2021-12-13','1000000',1,19,5,1),
(336,'truongtv','2021-12-13','\0','truongtv','2021-12-13','1000000',1,20,5,1),
(337,'truongtv','2021-12-13','\0','truongtv','2021-12-13','1000000',1,21,5,1),
(338,'truongtv','2021-12-13','\0','truongtv','2021-12-13','1000000',1,22,5,1),
(339,'truongtv','2021-12-13','\0','truongtv','2021-12-13','1000000',1,23,5,1),
(340,'truongtv','2021-12-13','\0','truongtv','2021-12-13','1000000',1,24,5,1),
(341,'truongtv','2021-12-13','\0','truongtv','2021-12-13','1000000',1,25,5,1),
(342,'truongtv','2021-12-13','\0','truongtv','2021-12-13','1000000',1,26,5,1),
(343,'truongtv','2021-12-13','\0','truongtv','2021-12-13','1000000',1,27,5,1),
(344,'truongtv','2021-12-13','\0','truongtv','2021-12-13','1000000',1,28,5,1),
(345,'truongtv','2021-12-13','\0','truongtv','2021-12-13','1000000',1,29,5,1),
(346,'truongtv','2021-12-13','\0','truongtv','2021-12-13','1000000',1,30,5,1),
(347,'truongtv','2021-12-13','\0','truongtv','2021-12-13','1000000',3,9,5,1),
(348,'truongtv','2021-12-13','\0','truongtv','2021-12-13','1000000',3,10,5,1),
(349,'truongtv','2021-12-13','\0','truongtv','2021-12-13','1000000',3,11,5,1),
(350,'truongtv','2021-12-13','\0','truongtv','2021-12-13','1000000',3,12,5,1),
(351,'truongtv','2021-12-13','\0','truongtv','2021-12-13','1000000',3,13,5,1),
(352,'truongtv','2021-12-13','\0','truongtv','2021-12-13','1000000',3,14,5,1),
(353,'truongtv','2021-12-13','\0','truongtv','2021-12-13','1000000',3,15,5,1),
(354,'truongtv','2021-12-13','\0','truongtv','2021-12-13','1000000',3,16,5,1),
(355,'truongtv','2021-12-13','\0','truongtv','2021-12-13','1000000',3,17,5,1),
(356,'truongtv','2021-12-13','\0','truongtv','2021-12-13','1000000',3,18,5,1),
(357,'truongtv','2021-12-13','\0','truongtv','2021-12-13','1000000',3,19,5,1),
(358,'truongtv','2021-12-13','\0','truongtv','2021-12-13','1000000',3,20,5,1),
(359,'truongtv','2021-12-13','\0','truongtv','2021-12-13','1000000',3,21,5,1),
(360,'truongtv','2021-12-13','\0','truongtv','2021-12-13','1000000',3,22,5,1),
(361,'truongtv','2021-12-13','\0','truongtv','2021-12-13','1000000',3,23,5,1),
(362,'truongtv','2021-12-13','\0','truongtv','2021-12-13','1000000',3,24,5,1),
(363,'truongtv','2021-12-13','\0','truongtv','2021-12-13','1000000',3,25,5,1),
(364,'truongtv','2021-12-13','\0','truongtv','2021-12-13','1000000',3,26,5,1),
(365,'truongtv','2021-12-13','\0','truongtv','2021-12-13','1000000',3,27,5,1),
(366,'truongtv','2021-12-13','\0','truongtv','2021-12-13','1000000',3,28,5,1),
(367,'truongtv','2021-12-13','\0','truongtv','2021-12-13','1000000',3,29,5,1),
(368,'truongtv','2021-12-13','\0','truongtv','2021-12-13','1000000',3,30,5,1),
(369,'truongtv','2021-12-13','\0','truongtv','2021-12-13','1000000',2,9,5,1),
(370,'truongtv','2021-12-13','\0','truongtv','2021-12-13','1000000',2,10,5,1),
(371,'truongtv','2021-12-13','\0','truongtv','2021-12-13','1000000',2,11,5,1),
(372,'truongtv','2021-12-13','\0','truongtv','2021-12-13','1000000',2,12,5,1),
(373,'truongtv','2021-12-13','\0','truongtv','2021-12-13','1000000',2,13,5,1),
(374,'truongtv','2021-12-13','\0','truongtv','2021-12-13','1000000',2,14,5,1),
(375,'truongtv','2021-12-13','\0','truongtv','2021-12-13','1000000',2,15,5,1),
(376,'truongtv','2021-12-13','\0','truongtv','2021-12-13','1000000',2,16,5,1),
(377,'truongtv','2021-12-13','\0','truongtv','2021-12-13','1000000',2,17,5,1),
(378,'truongtv','2021-12-13','\0','truongtv','2021-12-13','1000000',2,18,5,1),
(379,'truongtv','2021-12-13','\0','truongtv','2021-12-13','1000000',2,19,5,1),
(380,'truongtv','2021-12-13','\0','truongtv','2021-12-13','1000000',2,20,5,1),
(381,'truongtv','2021-12-13','\0','truongtv','2021-12-13','1000000',2,21,5,1),
(382,'truongtv','2021-12-13','\0','truongtv','2021-12-13','1000000',2,22,5,1),
(383,'truongtv','2021-12-13','\0','truongtv','2021-12-13','1000000',2,23,5,1),
(384,'truongtv','2021-12-13','\0','truongtv','2021-12-13','1000000',2,24,5,1),
(385,'truongtv','2021-12-13','\0','truongtv','2021-12-13','1000000',2,25,5,1),
(386,'truongtv','2021-12-13','\0','truongtv','2021-12-13','1000000',2,26,5,1),
(387,'truongtv','2021-12-13','\0','truongtv','2021-12-13','1000000',2,27,5,1),
(388,'truongtv','2021-12-13','\0','truongtv','2021-12-13','1000000',2,28,5,1),
(389,'truongtv','2021-12-13','\0','truongtv','2021-12-13','1000000',2,29,5,1),
(390,'truongtv','2021-12-13','\0','truongtv','2021-12-13','1000000',2,30,5,1),
(391,'truongtv','2021-12-13','\0','truongtv','2021-12-13','1000000',6,9,6,1),
(392,'truongtv','2021-12-13','\0','truongtv','2021-12-13','1000000',6,10,6,1),
(393,'truongtv','2021-12-13','\0','truongtv','2021-12-13','1000000',6,11,6,1),
(394,'truongtv','2021-12-13','\0','truongtv','2021-12-13','1000000',6,12,6,1),
(395,'truongtv','2021-12-13','\0','truongtv','2021-12-13','1000000',6,13,6,1),
(396,'truongtv','2021-12-13','\0','truongtv','2021-12-13','1000000',6,14,6,1),
(397,'truongtv','2021-12-13','\0','truongtv','2021-12-13','1000000',6,15,6,1),
(398,'truongtv','2021-12-13','\0','truongtv','2021-12-13','1000000',6,16,6,1),
(399,'truongtv','2021-12-13','\0','truongtv','2021-12-13','1000000',6,17,6,1),
(400,'truongtv','2021-12-13','\0','truongtv','2021-12-13','1000000',6,18,6,1),
(401,'truongtv','2021-12-13','\0','truongtv','2021-12-13','1000000',6,19,6,1),
(402,'truongtv','2021-12-13','\0','truongtv','2021-12-13','1000000',6,20,6,1),
(403,'truongtv','2021-12-13','\0','truongtv','2021-12-13','1000000',6,21,6,1),
(404,'truongtv','2021-12-13','\0','truongtv','2021-12-13','1000000',6,22,6,1),
(405,'truongtv','2021-12-13','\0','truongtv','2021-12-13','1000000',6,23,6,1),
(406,'truongtv','2021-12-13','\0','truongtv','2021-12-13','1000000',6,24,6,1),
(407,'truongtv','2021-12-13','\0','truongtv','2021-12-13','1000000',6,25,6,1),
(408,'truongtv','2021-12-13','\0','truongtv','2021-12-13','1000000',6,26,6,1),
(409,'truongtv','2021-12-13','\0','truongtv','2021-12-13','1000000',6,27,6,1),
(410,'truongtv','2021-12-13','\0','truongtv','2021-12-13','1000000',6,28,6,1),
(411,'truongtv','2021-12-13','\0','truongtv','2021-12-13','1000000',6,29,6,1),
(412,'truongtv','2021-12-13','\0','truongtv','2021-12-13','1000000',6,30,6,1),
(413,'truongtv','2021-12-13','\0','truongtv','2021-12-13','1000000',5,9,6,1),
(414,'truongtv','2021-12-13','\0','truongtv','2021-12-13','1000000',5,10,6,1),
(415,'truongtv','2021-12-13','\0','truongtv','2021-12-13','1000000',5,11,6,1),
(416,'truongtv','2021-12-13','\0','truongtv','2021-12-13','1000000',5,12,6,1),
(417,'truongtv','2021-12-13','\0','truongtv','2021-12-13','1000000',5,13,6,1),
(418,'truongtv','2021-12-13','\0','truongtv','2021-12-13','1000000',5,14,6,1),
(419,'truongtv','2021-12-13','\0','truongtv','2021-12-13','1000000',5,15,6,1),
(420,'truongtv','2021-12-13','\0','truongtv','2021-12-13','1000000',5,16,6,1),
(421,'truongtv','2021-12-13','\0','truongtv','2021-12-13','1000000',5,17,6,1),
(422,'truongtv','2021-12-13','\0','truongtv','2021-12-13','1000000',5,18,6,1),
(423,'truongtv','2021-12-13','\0','truongtv','2021-12-13','1000000',5,19,6,1),
(424,'truongtv','2021-12-13','\0','truongtv','2021-12-13','1000000',5,20,6,1),
(425,'truongtv','2021-12-13','\0','truongtv','2021-12-13','1000000',5,21,6,1),
(426,'truongtv','2021-12-13','\0','truongtv','2021-12-13','1000000',5,22,6,1),
(427,'truongtv','2021-12-13','\0','truongtv','2021-12-13','1000000',5,23,6,1),
(428,'truongtv','2021-12-13','\0','truongtv','2021-12-13','1000000',5,24,6,1),
(429,'truongtv','2021-12-13','\0','truongtv','2021-12-13','1000000',5,25,6,1),
(430,'truongtv','2021-12-13','\0','truongtv','2021-12-13','1000000',5,26,6,1),
(431,'truongtv','2021-12-13','\0','truongtv','2021-12-13','1000000',5,27,6,1),
(432,'truongtv','2021-12-13','\0','truongtv','2021-12-13','1000000',5,28,6,1),
(433,'truongtv','2021-12-13','\0','truongtv','2021-12-13','1000000',5,29,6,1),
(434,'truongtv','2021-12-13','\0','truongtv','2021-12-13','1000000',5,30,6,1),
(435,'truongtv','2021-12-13','\0','truongtv','2021-12-13','1000000',4,9,6,1),
(436,'truongtv','2021-12-13','\0','truongtv','2021-12-13','1000000',4,10,6,1),
(437,'truongtv','2021-12-13','\0','truongtv','2021-12-13','1000000',4,11,6,1),
(438,'truongtv','2021-12-13','\0','truongtv','2021-12-13','1000000',4,12,6,1),
(439,'truongtv','2021-12-13','\0','truongtv','2021-12-13','1000000',4,13,6,1),
(440,'truongtv','2021-12-13','\0','truongtv','2021-12-13','1000000',4,14,6,1),
(441,'truongtv','2021-12-13','\0','truongtv','2021-12-13','1000000',4,15,6,1),
(442,'truongtv','2021-12-13','\0','truongtv','2021-12-13','1000000',4,16,6,1),
(443,'truongtv','2021-12-13','\0','truongtv','2021-12-13','1000000',4,17,6,1),
(444,'truongtv','2021-12-13','\0','truongtv','2021-12-13','1000000',4,18,6,1),
(445,'truongtv','2021-12-13','\0','truongtv','2021-12-13','1000000',4,19,6,1),
(446,'truongtv','2021-12-13','\0','truongtv','2021-12-13','1000000',4,20,6,1),
(447,'truongtv','2021-12-13','\0','truongtv','2021-12-13','1000000',4,21,6,1),
(448,'truongtv','2021-12-13','\0','truongtv','2021-12-13','1000000',4,22,6,1),
(449,'truongtv','2021-12-13','\0','truongtv','2021-12-13','1000000',4,23,6,1),
(450,'truongtv','2021-12-13','\0','truongtv','2021-12-13','1000000',4,24,6,1),
(451,'truongtv','2021-12-13','\0','truongtv','2021-12-13','1000000',4,25,6,1),
(452,'truongtv','2021-12-13','\0','truongtv','2021-12-13','1000000',4,26,6,1),
(453,'truongtv','2021-12-13','\0','truongtv','2021-12-13','1000000',4,27,6,1),
(454,'truongtv','2021-12-13','\0','truongtv','2021-12-13','1000000',4,28,6,1),
(455,'truongtv','2021-12-13','\0','truongtv','2021-12-13','1000000',4,29,6,1),
(456,'truongtv','2021-12-13','\0','truongtv','2021-12-13','1000000',4,30,6,1),
(457,'truongtv','2021-12-13','\0','truongtv','2021-12-13','1000000',1,9,6,1),
(458,'truongtv','2021-12-13','\0','truongtv','2021-12-13','1000000',1,10,6,1),
(459,'truongtv','2021-12-13','\0','truongtv','2021-12-13','1000000',1,11,6,1),
(460,'truongtv','2021-12-13','\0','truongtv','2021-12-13','1000000',1,12,6,1),
(461,'truongtv','2021-12-13','\0','truongtv','2021-12-13','1000000',1,13,6,1),
(462,'truongtv','2021-12-13','\0','truongtv','2021-12-13','1000000',1,14,6,1),
(463,'truongtv','2021-12-13','\0','truongtv','2021-12-13','1000000',1,15,6,1),
(464,'truongtv','2021-12-13','\0','truongtv','2021-12-13','1000000',1,16,6,1),
(465,'truongtv','2021-12-13','\0','truongtv','2021-12-13','1000000',1,17,6,1),
(466,'truongtv','2021-12-13','\0','truongtv','2021-12-13','1000000',1,18,6,1),
(467,'truongtv','2021-12-13','\0','truongtv','2021-12-13','1000000',1,19,6,1),
(468,'truongtv','2021-12-13','\0','truongtv','2021-12-13','1000000',1,20,6,1),
(469,'truongtv','2021-12-13','\0','truongtv','2021-12-13','1000000',1,21,6,1),
(470,'truongtv','2021-12-13','\0','truongtv','2021-12-13','1000000',1,22,6,1),
(471,'truongtv','2021-12-13','\0','truongtv','2021-12-13','1000000',1,23,6,1),
(472,'truongtv','2021-12-13','\0','truongtv','2021-12-13','1000000',1,24,6,1),
(473,'truongtv','2021-12-13','\0','truongtv','2021-12-13','1000000',1,25,6,1),
(474,'truongtv','2021-12-13','\0','truongtv','2021-12-13','1000000',1,26,6,1),
(475,'truongtv','2021-12-13','\0','truongtv','2021-12-13','1000000',1,27,6,1),
(476,'truongtv','2021-12-13','\0','truongtv','2021-12-13','1000000',1,28,6,1),
(477,'truongtv','2021-12-13','\0','truongtv','2021-12-13','1000000',1,29,6,1),
(478,'truongtv','2021-12-13','\0','truongtv','2021-12-13','1000000',1,30,6,1),
(479,'truongtv','2021-12-13','\0','truongtv','2021-12-13','1000000',3,9,6,1),
(480,'truongtv','2021-12-13','\0','truongtv','2021-12-13','1000000',3,10,6,1),
(481,'truongtv','2021-12-13','\0','truongtv','2021-12-13','1000000',3,11,6,1),
(482,'truongtv','2021-12-13','\0','truongtv','2021-12-13','1000000',3,12,6,1),
(483,'truongtv','2021-12-13','\0','truongtv','2021-12-13','1000000',3,13,6,1),
(484,'truongtv','2021-12-13','\0','truongtv','2021-12-13','1000000',3,14,6,1),
(485,'truongtv','2021-12-13','\0','truongtv','2021-12-13','1000000',3,15,6,1),
(486,'truongtv','2021-12-13','\0','truongtv','2021-12-13','1000000',3,16,6,1),
(487,'truongtv','2021-12-13','\0','truongtv','2021-12-13','1000000',3,17,6,1),
(488,'truongtv','2021-12-13','\0','truongtv','2021-12-13','1000000',3,18,6,1),
(489,'truongtv','2021-12-13','\0','truongtv','2021-12-13','1000000',3,19,6,1),
(490,'truongtv','2021-12-13','\0','truongtv','2021-12-13','1000000',3,20,6,1),
(491,'truongtv','2021-12-13','\0','truongtv','2021-12-13','1000000',3,21,6,1),
(492,'truongtv','2021-12-13','\0','truongtv','2021-12-13','1000000',3,22,6,1),
(493,'truongtv','2021-12-13','\0','truongtv','2021-12-13','1000000',3,23,6,1),
(494,'truongtv','2021-12-13','\0','truongtv','2021-12-13','1000000',3,24,6,1),
(495,'truongtv','2021-12-13','\0','truongtv','2021-12-13','1000000',3,25,6,1),
(496,'truongtv','2021-12-13','\0','truongtv','2021-12-13','1000000',3,26,6,1),
(497,'truongtv','2021-12-13','\0','truongtv','2021-12-13','1000000',3,27,6,1),
(498,'truongtv','2021-12-13','\0','truongtv','2021-12-13','1000000',3,28,6,1),
(499,'truongtv','2021-12-13','\0','truongtv','2021-12-13','1000000',3,29,6,1),
(500,'truongtv','2021-12-13','\0','truongtv','2021-12-13','1000000',3,30,6,1),
(501,'truongtv','2021-12-13','\0','truongtv','2021-12-13','1000000',2,9,6,1),
(502,'truongtv','2021-12-13','\0','truongtv','2021-12-13','1000000',2,10,6,1),
(503,'truongtv','2021-12-13','\0','truongtv','2021-12-13','1000000',2,11,6,1),
(504,'truongtv','2021-12-13','\0','truongtv','2021-12-13','1000000',2,12,6,1),
(505,'truongtv','2021-12-13','\0','truongtv','2021-12-13','1000000',2,13,6,1),
(506,'truongtv','2021-12-13','\0','truongtv','2021-12-13','1000000',2,14,6,1),
(507,'truongtv','2021-12-13','\0','truongtv','2021-12-13','1000000',2,15,6,1),
(508,'truongtv','2021-12-13','\0','truongtv','2021-12-13','1000000',2,16,6,1),
(509,'truongtv','2021-12-13','\0','truongtv','2021-12-13','1000000',2,17,6,1),
(510,'truongtv','2021-12-13','\0','truongtv','2021-12-13','1000000',2,18,6,1),
(511,'truongtv','2021-12-13','\0','truongtv','2021-12-13','1000000',2,19,6,1),
(512,'truongtv','2021-12-13','\0','truongtv','2021-12-13','1000000',2,20,6,1),
(513,'truongtv','2021-12-13','\0','truongtv','2021-12-13','1000000',2,21,6,1),
(514,'truongtv','2021-12-13','\0','truongtv','2021-12-13','1000000',2,22,6,1),
(515,'truongtv','2021-12-13','\0','truongtv','2021-12-13','1000000',2,23,6,1),
(516,'truongtv','2021-12-13','\0','truongtv','2021-12-13','1000000',2,24,6,1),
(517,'truongtv','2021-12-13','\0','truongtv','2021-12-13','1000000',2,25,6,1),
(518,'truongtv','2021-12-13','\0','truongtv','2021-12-13','1000000',2,26,6,1),
(519,'truongtv','2021-12-13','\0','truongtv','2021-12-13','1000000',2,27,6,1),
(520,'truongtv','2021-12-13','\0','truongtv','2021-12-13','1000000',2,28,6,1),
(521,'truongtv','2021-12-13','\0','truongtv','2021-12-13','1000000',2,29,6,1),
(522,'truongtv','2021-12-13','\0','truongtv','2021-12-13','1000000',2,30,6,1),
(523,'truongtv','2021-12-13','\0','truongtv','2021-12-13','1000000',6,9,7,1),
(524,'truongtv','2021-12-13','\0','truongtv','2021-12-13','1000000',6,10,7,1),
(525,'truongtv','2021-12-13','\0','truongtv','2021-12-13','1000000',6,11,7,1),
(526,'truongtv','2021-12-13','\0','truongtv','2021-12-13','1000000',6,12,7,1),
(527,'truongtv','2021-12-13','\0','truongtv','2021-12-13','1000000',6,13,7,1),
(528,'truongtv','2021-12-13','\0','truongtv','2021-12-13','1000000',6,14,7,1),
(529,'truongtv','2021-12-13','\0','truongtv','2021-12-13','1000000',6,15,7,1),
(530,'truongtv','2021-12-13','\0','truongtv','2021-12-13','1000000',6,16,7,1),
(531,'truongtv','2021-12-13','\0','truongtv','2021-12-13','1000000',6,17,7,1),
(532,'truongtv','2021-12-13','\0','truongtv','2021-12-13','1000000',6,18,7,1),
(533,'truongtv','2021-12-13','\0','truongtv','2021-12-13','1000000',6,19,7,1),
(534,'truongtv','2021-12-13','\0','truongtv','2021-12-13','1000000',6,20,7,1),
(535,'truongtv','2021-12-13','\0','truongtv','2021-12-13','1000000',6,21,7,1),
(536,'truongtv','2021-12-13','\0','truongtv','2021-12-13','1000000',6,22,7,1),
(537,'truongtv','2021-12-13','\0','truongtv','2021-12-13','1000000',6,23,7,1),
(538,'truongtv','2021-12-13','\0','truongtv','2021-12-13','1000000',6,24,7,1),
(539,'truongtv','2021-12-13','\0','truongtv','2021-12-13','1000000',6,25,7,1),
(540,'truongtv','2021-12-13','\0','truongtv','2021-12-13','1000000',6,26,7,1),
(541,'truongtv','2021-12-13','\0','truongtv','2021-12-13','1000000',6,27,7,1),
(542,'truongtv','2021-12-13','\0','truongtv','2021-12-13','1000000',6,28,7,1),
(543,'truongtv','2021-12-13','\0','truongtv','2021-12-13','1000000',6,29,7,1),
(544,'truongtv','2021-12-13','\0','truongtv','2021-12-13','1000000',6,30,7,1),
(545,'truongtv','2021-12-13','\0','truongtv','2021-12-13','1000000',5,9,7,1),
(546,'truongtv','2021-12-13','\0','truongtv','2021-12-13','1000000',5,10,7,1),
(547,'truongtv','2021-12-13','\0','truongtv','2021-12-13','1000000',5,11,7,1),
(548,'truongtv','2021-12-13','\0','truongtv','2021-12-13','1000000',5,12,7,1),
(549,'truongtv','2021-12-13','\0','truongtv','2021-12-13','1000000',5,13,7,1),
(550,'truongtv','2021-12-13','\0','truongtv','2021-12-13','1000000',5,14,7,1),
(551,'truongtv','2021-12-13','\0','truongtv','2021-12-13','1000000',5,15,7,1),
(552,'truongtv','2021-12-13','\0','truongtv','2021-12-13','1000000',5,16,7,1),
(553,'truongtv','2021-12-13','\0','truongtv','2021-12-13','1000000',5,17,7,1),
(554,'truongtv','2021-12-13','\0','truongtv','2021-12-13','1000000',5,18,7,1),
(555,'truongtv','2021-12-13','\0','truongtv','2021-12-13','1000000',5,19,7,1),
(556,'truongtv','2021-12-13','\0','truongtv','2021-12-13','1000000',5,20,7,1),
(557,'truongtv','2021-12-13','\0','truongtv','2021-12-13','1000000',5,21,7,1),
(558,'truongtv','2021-12-13','\0','truongtv','2021-12-13','1000000',5,22,7,1),
(559,'truongtv','2021-12-13','\0','truongtv','2021-12-13','1000000',5,23,7,1),
(560,'truongtv','2021-12-13','\0','truongtv','2021-12-13','1000000',5,24,7,1),
(561,'truongtv','2021-12-13','\0','truongtv','2021-12-13','1000000',5,25,7,1),
(562,'truongtv','2021-12-13','\0','truongtv','2021-12-13','1000000',5,26,7,1),
(563,'truongtv','2021-12-13','\0','truongtv','2021-12-13','1000000',5,27,7,1),
(564,'truongtv','2021-12-13','\0','truongtv','2021-12-13','1000000',5,28,7,1),
(565,'truongtv','2021-12-13','\0','truongtv','2021-12-13','1000000',5,29,7,1),
(566,'truongtv','2021-12-13','\0','truongtv','2021-12-13','1000000',5,30,7,1),
(567,'truongtv','2021-12-13','\0','truongtv','2021-12-13','1000000',4,9,7,1),
(568,'truongtv','2021-12-13','\0','truongtv','2021-12-13','1000000',4,10,7,1),
(569,'truongtv','2021-12-13','\0','truongtv','2021-12-13','1000000',4,11,7,1),
(570,'truongtv','2021-12-13','\0','truongtv','2021-12-13','1000000',4,12,7,1),
(571,'truongtv','2021-12-13','\0','truongtv','2021-12-13','1000000',4,13,7,1),
(572,'truongtv','2021-12-13','\0','truongtv','2021-12-13','1000000',4,14,7,1),
(573,'truongtv','2021-12-13','\0','truongtv','2021-12-13','1000000',4,15,7,1),
(574,'truongtv','2021-12-13','\0','truongtv','2021-12-13','1000000',4,16,7,1),
(575,'truongtv','2021-12-13','\0','truongtv','2021-12-13','1000000',4,17,7,1),
(576,'truongtv','2021-12-13','\0','truongtv','2021-12-13','1000000',4,18,7,1),
(577,'truongtv','2021-12-13','\0','truongtv','2021-12-13','1000000',4,19,7,1),
(578,'truongtv','2021-12-13','\0','truongtv','2021-12-13','1000000',4,20,7,1),
(579,'truongtv','2021-12-13','\0','truongtv','2021-12-13','1000000',4,21,7,1),
(580,'truongtv','2021-12-13','\0','truongtv','2021-12-13','1000000',4,22,7,1),
(581,'truongtv','2021-12-13','\0','truongtv','2021-12-13','1000000',4,23,7,1),
(582,'truongtv','2021-12-13','\0','truongtv','2021-12-13','1000000',4,24,7,1),
(583,'truongtv','2021-12-13','\0','truongtv','2021-12-13','1000000',4,25,7,1),
(584,'truongtv','2021-12-13','\0','truongtv','2021-12-13','1000000',4,26,7,1),
(585,'truongtv','2021-12-13','\0','truongtv','2021-12-13','1000000',4,27,7,1),
(586,'truongtv','2021-12-13','\0','truongtv','2021-12-13','1000000',4,28,7,1),
(587,'truongtv','2021-12-13','\0','truongtv','2021-12-13','1000000',4,29,7,1),
(588,'truongtv','2021-12-13','\0','truongtv','2021-12-13','1000000',4,30,7,1),
(589,'truongtv','2021-12-13','\0','truongtv','2021-12-13','1000000',1,9,7,1),
(590,'truongtv','2021-12-13','\0','truongtv','2021-12-13','1000000',1,10,7,1),
(591,'truongtv','2021-12-13','\0','truongtv','2021-12-13','1000000',1,11,7,1),
(592,'truongtv','2021-12-13','\0','truongtv','2021-12-13','1000000',1,12,7,1),
(593,'truongtv','2021-12-13','\0','truongtv','2021-12-13','1000000',1,13,7,1),
(594,'truongtv','2021-12-13','\0','truongtv','2021-12-13','1000000',1,14,7,1),
(595,'truongtv','2021-12-13','\0','truongtv','2021-12-13','1000000',1,15,7,1),
(596,'truongtv','2021-12-13','\0','truongtv','2021-12-13','1000000',1,16,7,1),
(597,'truongtv','2021-12-13','\0','truongtv','2021-12-13','1000000',1,17,7,1),
(598,'truongtv','2021-12-13','\0','truongtv','2021-12-13','1000000',1,18,7,1),
(599,'truongtv','2021-12-13','\0','truongtv','2021-12-13','1000000',1,19,7,1),
(600,'truongtv','2021-12-13','\0','truongtv','2021-12-13','1000000',1,20,7,1),
(601,'truongtv','2021-12-13','\0','truongtv','2021-12-13','1000000',1,21,7,1),
(602,'truongtv','2021-12-13','\0','truongtv','2021-12-13','1000000',1,22,7,1),
(603,'truongtv','2021-12-13','\0','truongtv','2021-12-13','1000000',1,23,7,1),
(604,'truongtv','2021-12-13','\0','truongtv','2021-12-13','1000000',1,24,7,1),
(605,'truongtv','2021-12-13','\0','truongtv','2021-12-13','1000000',1,25,7,1),
(606,'truongtv','2021-12-13','\0','truongtv','2021-12-13','1000000',1,26,7,1),
(607,'truongtv','2021-12-13','\0','truongtv','2021-12-13','1000000',1,27,7,1),
(608,'truongtv','2021-12-13','\0','truongtv','2021-12-13','1000000',1,28,7,1),
(609,'truongtv','2021-12-13','\0','truongtv','2021-12-13','1000000',1,29,7,1),
(610,'truongtv','2021-12-13','\0','truongtv','2021-12-13','1000000',1,30,7,1),
(611,'truongtv','2021-12-13','\0','truongtv','2021-12-13','1000000',3,9,7,1),
(612,'truongtv','2021-12-13','\0','truongtv','2021-12-13','1000000',3,10,7,1),
(613,'truongtv','2021-12-13','\0','truongtv','2021-12-13','1000000',3,11,7,1),
(614,'truongtv','2021-12-13','\0','truongtv','2021-12-13','1000000',3,12,7,1),
(615,'truongtv','2021-12-13','\0','truongtv','2021-12-13','1000000',3,13,7,1),
(616,'truongtv','2021-12-13','\0','truongtv','2021-12-13','1000000',3,14,7,1),
(617,'truongtv','2021-12-13','\0','truongtv','2021-12-13','1000000',3,15,7,1),
(618,'truongtv','2021-12-13','\0','truongtv','2021-12-13','1000000',3,16,7,1),
(619,'truongtv','2021-12-13','\0','truongtv','2021-12-13','1000000',3,17,7,1),
(620,'truongtv','2021-12-13','\0','truongtv','2021-12-13','1000000',3,18,7,1),
(621,'truongtv','2021-12-13','\0','truongtv','2021-12-13','1000000',3,19,7,1),
(622,'truongtv','2021-12-13','\0','truongtv','2021-12-13','1000000',3,20,7,1),
(623,'truongtv','2021-12-13','\0','truongtv','2021-12-13','1000000',3,21,7,1),
(624,'truongtv','2021-12-13','\0','truongtv','2021-12-13','1000000',3,22,7,1),
(625,'truongtv','2021-12-13','\0','truongtv','2021-12-13','1000000',3,23,7,1),
(626,'truongtv','2021-12-13','\0','truongtv','2021-12-13','1000000',3,24,7,1),
(627,'truongtv','2021-12-13','\0','truongtv','2021-12-13','1000000',3,25,7,1),
(628,'truongtv','2021-12-13','\0','truongtv','2021-12-13','1000000',3,26,7,1),
(629,'truongtv','2021-12-13','\0','truongtv','2021-12-13','1000000',3,27,7,1),
(630,'truongtv','2021-12-13','\0','truongtv','2021-12-13','1000000',3,28,7,1),
(631,'truongtv','2021-12-13','\0','truongtv','2021-12-13','1000000',3,29,7,1),
(632,'truongtv','2021-12-13','\0','truongtv','2021-12-13','1000000',3,30,7,1),
(633,'truongtv','2021-12-13','\0','truongtv','2021-12-13','1000000',2,9,7,1),
(634,'truongtv','2021-12-13','\0','truongtv','2021-12-13','1000000',2,10,7,1),
(635,'truongtv','2021-12-13','\0','truongtv','2021-12-13','1000000',2,11,7,1),
(636,'truongtv','2021-12-13','\0','truongtv','2021-12-13','1000000',2,12,7,1),
(637,'truongtv','2021-12-13','\0','truongtv','2021-12-13','1000000',2,13,7,1),
(638,'truongtv','2021-12-13','\0','truongtv','2021-12-13','1000000',2,14,7,1),
(639,'truongtv','2021-12-13','\0','truongtv','2021-12-13','1000000',2,15,7,1),
(640,'truongtv','2021-12-13','\0','truongtv','2021-12-13','1000000',2,16,7,1),
(641,'truongtv','2021-12-13','\0','truongtv','2021-12-13','1000000',2,17,7,1),
(642,'truongtv','2021-12-13','\0','truongtv','2021-12-13','1000000',2,18,7,1),
(643,'truongtv','2021-12-13','\0','truongtv','2021-12-13','1000000',2,19,7,1),
(644,'truongtv','2021-12-13','\0','truongtv','2021-12-13','1000000',2,20,7,1),
(645,'truongtv','2021-12-13','\0','truongtv','2021-12-13','1000000',2,21,7,1),
(646,'truongtv','2021-12-13','\0','truongtv','2021-12-13','1000000',2,22,7,1),
(647,'truongtv','2021-12-13','\0','truongtv','2021-12-13','1000000',2,23,7,1),
(648,'truongtv','2021-12-13','\0','truongtv','2021-12-13','1000000',2,24,7,1),
(649,'truongtv','2021-12-13','\0','truongtv','2021-12-13','1000000',2,25,7,1),
(650,'truongtv','2021-12-13','\0','truongtv','2021-12-13','1000000',2,26,7,1),
(651,'truongtv','2021-12-13','\0','truongtv','2021-12-13','1000000',2,27,7,1),
(652,'truongtv','2021-12-13','\0','truongtv','2021-12-13','1000000',2,28,7,1),
(653,'truongtv','2021-12-13','\0','truongtv','2021-12-13','1000000',2,29,7,1),
(654,'truongtv','2021-12-13','\0','truongtv','2021-12-13','1000000',2,30,7,1),
(655,'truongtv','2021-12-13','\0','truongtv','2021-12-13','1000000',6,9,8,1),
(656,'truongtv','2021-12-13','\0','truongtv','2021-12-13','1000000',6,10,8,1),
(657,'truongtv','2021-12-13','\0','truongtv','2021-12-13','1000000',6,11,8,1),
(658,'truongtv','2021-12-13','\0','truongtv','2021-12-13','1000000',6,12,8,1),
(659,'truongtv','2021-12-13','\0','truongtv','2021-12-13','1000000',6,13,8,1),
(660,'truongtv','2021-12-13','\0','truongtv','2021-12-13','1000000',6,14,8,1),
(661,'truongtv','2021-12-13','\0','truongtv','2021-12-13','1000000',6,15,8,1),
(662,'truongtv','2021-12-13','\0','truongtv','2021-12-13','1000000',6,16,8,1),
(663,'truongtv','2021-12-13','\0','truongtv','2021-12-13','1000000',6,17,8,1),
(664,'truongtv','2021-12-13','\0','truongtv','2021-12-13','1000000',6,18,8,1),
(665,'truongtv','2021-12-13','\0','truongtv','2021-12-13','1000000',6,19,8,1),
(666,'truongtv','2021-12-13','\0','truongtv','2021-12-13','1000000',6,20,8,1),
(667,'truongtv','2021-12-13','\0','truongtv','2021-12-13','1000000',6,21,8,1),
(668,'truongtv','2021-12-13','\0','truongtv','2021-12-13','1000000',6,22,8,1),
(669,'truongtv','2021-12-13','\0','truongtv','2021-12-13','1000000',6,23,8,1),
(670,'truongtv','2021-12-13','\0','truongtv','2021-12-13','1000000',6,24,8,1),
(671,'truongtv','2021-12-13','\0','truongtv','2021-12-13','1000000',6,25,8,1),
(672,'truongtv','2021-12-13','\0','truongtv','2021-12-13','1000000',6,26,8,1),
(673,'truongtv','2021-12-13','\0','truongtv','2021-12-13','1000000',6,27,8,1),
(674,'truongtv','2021-12-13','\0','truongtv','2021-12-13','1000000',6,28,8,1),
(675,'truongtv','2021-12-13','\0','truongtv','2021-12-13','1000000',6,29,8,1),
(676,'truongtv','2021-12-13','\0','truongtv','2021-12-13','1000000',6,30,8,1),
(677,'truongtv','2021-12-13','\0','truongtv','2021-12-13','1000000',5,9,8,1),
(678,'truongtv','2021-12-13','\0','truongtv','2021-12-13','1000000',5,10,8,1),
(679,'truongtv','2021-12-13','\0','truongtv','2021-12-13','1000000',5,11,8,1),
(680,'truongtv','2021-12-13','\0','truongtv','2021-12-13','1000000',5,12,8,1),
(681,'truongtv','2021-12-13','\0','truongtv','2021-12-13','1000000',5,13,8,1),
(682,'truongtv','2021-12-13','\0','truongtv','2021-12-13','1000000',5,14,8,1),
(683,'truongtv','2021-12-13','\0','truongtv','2021-12-13','1000000',5,15,8,1),
(684,'truongtv','2021-12-13','\0','truongtv','2021-12-13','1000000',5,16,8,1),
(685,'truongtv','2021-12-13','\0','truongtv','2021-12-13','1000000',5,17,8,1),
(686,'truongtv','2021-12-13','\0','truongtv','2021-12-13','1000000',5,18,8,1),
(687,'truongtv','2021-12-13','\0','truongtv','2021-12-13','1000000',5,19,8,1),
(688,'truongtv','2021-12-13','\0','truongtv','2021-12-13','1000000',5,20,8,1),
(689,'truongtv','2021-12-13','\0','truongtv','2021-12-13','1000000',5,21,8,1),
(690,'truongtv','2021-12-13','\0','truongtv','2021-12-13','1000000',5,22,8,1),
(691,'truongtv','2021-12-13','\0','truongtv','2021-12-13','1000000',5,23,8,1),
(692,'truongtv','2021-12-13','\0','truongtv','2021-12-13','1000000',5,24,8,1),
(693,'truongtv','2021-12-13','\0','truongtv','2021-12-13','1000000',5,25,8,1),
(694,'truongtv','2021-12-13','\0','truongtv','2021-12-13','1000000',5,26,8,1),
(695,'truongtv','2021-12-13','\0','truongtv','2021-12-13','1000000',5,27,8,1),
(696,'truongtv','2021-12-13','\0','truongtv','2021-12-13','1000000',5,28,8,1),
(697,'truongtv','2021-12-13','\0','truongtv','2021-12-13','1000000',5,29,8,1),
(698,'truongtv','2021-12-13','\0','truongtv','2021-12-13','1000000',5,30,8,1),
(699,'truongtv','2021-12-13','\0','truongtv','2021-12-13','1000000',4,9,8,1),
(700,'truongtv','2021-12-13','\0','truongtv','2021-12-13','1000000',4,10,8,1),
(701,'truongtv','2021-12-13','\0','truongtv','2021-12-13','1000000',4,11,8,1),
(702,'truongtv','2021-12-13','\0','truongtv','2021-12-13','1000000',4,12,8,1),
(703,'truongtv','2021-12-13','\0','truongtv','2021-12-13','1000000',4,13,8,1),
(704,'truongtv','2021-12-13','\0','truongtv','2021-12-13','1000000',4,14,8,1),
(705,'truongtv','2021-12-13','\0','truongtv','2021-12-13','1000000',4,15,8,1),
(706,'truongtv','2021-12-13','\0','truongtv','2021-12-13','1000000',4,16,8,1),
(707,'truongtv','2021-12-13','\0','truongtv','2021-12-13','1000000',4,17,8,1),
(708,'truongtv','2021-12-13','\0','truongtv','2021-12-13','1000000',4,18,8,1),
(709,'truongtv','2021-12-13','\0','truongtv','2021-12-13','1000000',4,19,8,1),
(710,'truongtv','2021-12-13','\0','truongtv','2021-12-13','1000000',4,20,8,1),
(711,'truongtv','2021-12-13','\0','truongtv','2021-12-13','1000000',4,21,8,1),
(712,'truongtv','2021-12-13','\0','truongtv','2021-12-13','1000000',4,22,8,1),
(713,'truongtv','2021-12-13','\0','truongtv','2021-12-13','1000000',4,23,8,1),
(714,'truongtv','2021-12-13','\0','truongtv','2021-12-13','1000000',4,24,8,1),
(715,'truongtv','2021-12-13','\0','truongtv','2021-12-13','1000000',4,25,8,1),
(716,'truongtv','2021-12-13','\0','truongtv','2021-12-13','1000000',4,26,8,1),
(717,'truongtv','2021-12-13','\0','truongtv','2021-12-13','1000000',4,27,8,1),
(718,'truongtv','2021-12-13','\0','truongtv','2021-12-13','1000000',4,28,8,1),
(719,'truongtv','2021-12-13','\0','truongtv','2021-12-13','1000000',4,29,8,1),
(720,'truongtv','2021-12-13','\0','truongtv','2021-12-13','1000000',4,30,8,1),
(721,'truongtv','2021-12-13','\0','truongtv','2021-12-13','1000000',1,9,8,1),
(722,'truongtv','2021-12-13','\0','truongtv','2021-12-13','1000000',1,10,8,1),
(723,'truongtv','2021-12-13','\0','truongtv','2021-12-13','1000000',1,11,8,1),
(724,'truongtv','2021-12-13','\0','truongtv','2021-12-13','1000000',1,12,8,1),
(725,'truongtv','2021-12-13','\0','truongtv','2021-12-13','1000000',1,13,8,1),
(726,'truongtv','2021-12-13','\0','truongtv','2021-12-13','1000000',1,14,8,1),
(727,'truongtv','2021-12-13','\0','truongtv','2021-12-13','1000000',1,15,8,1),
(728,'truongtv','2021-12-13','\0','truongtv','2021-12-13','1000000',1,16,8,1),
(729,'truongtv','2021-12-13','\0','truongtv','2021-12-13','1000000',1,17,8,1),
(730,'truongtv','2021-12-13','\0','truongtv','2021-12-13','1000000',1,18,8,1),
(731,'truongtv','2021-12-13','\0','truongtv','2021-12-13','1000000',1,19,8,1),
(732,'truongtv','2021-12-13','\0','truongtv','2021-12-13','1000000',1,20,8,1),
(733,'truongtv','2021-12-13','\0','truongtv','2021-12-13','1000000',1,21,8,1),
(734,'truongtv','2021-12-13','\0','truongtv','2021-12-13','1000000',1,22,8,1),
(735,'truongtv','2021-12-13','\0','truongtv','2021-12-13','1000000',1,23,8,1),
(736,'truongtv','2021-12-13','\0','truongtv','2021-12-13','1000000',1,24,8,1),
(737,'truongtv','2021-12-13','\0','truongtv','2021-12-13','1000000',1,25,8,1),
(738,'truongtv','2021-12-13','\0','truongtv','2021-12-13','1000000',1,26,8,1),
(739,'truongtv','2021-12-13','\0','truongtv','2021-12-13','1000000',1,27,8,1),
(740,'truongtv','2021-12-13','\0','truongtv','2021-12-13','1000000',1,28,8,1),
(741,'truongtv','2021-12-13','\0','truongtv','2021-12-13','1000000',1,29,8,1),
(742,'truongtv','2021-12-13','\0','truongtv','2021-12-13','1000000',1,30,8,1),
(743,'truongtv','2021-12-13','\0','truongtv','2021-12-13','1000000',3,9,8,1),
(744,'truongtv','2021-12-13','\0','truongtv','2021-12-13','1000000',3,10,8,1),
(745,'truongtv','2021-12-13','\0','truongtv','2021-12-13','1000000',3,11,8,1),
(746,'truongtv','2021-12-13','\0','truongtv','2021-12-13','1000000',3,12,8,1),
(747,'truongtv','2021-12-13','\0','truongtv','2021-12-13','1000000',3,13,8,1),
(748,'truongtv','2021-12-13','\0','truongtv','2021-12-13','1000000',3,14,8,1),
(749,'truongtv','2021-12-13','\0','truongtv','2021-12-13','1000000',3,15,8,1),
(750,'truongtv','2021-12-13','\0','truongtv','2021-12-13','1000000',3,16,8,1),
(751,'truongtv','2021-12-13','\0','truongtv','2021-12-13','1000000',3,17,8,1),
(752,'truongtv','2021-12-13','\0','truongtv','2021-12-13','1000000',3,18,8,1),
(753,'truongtv','2021-12-13','\0','truongtv','2021-12-13','1000000',3,19,8,1),
(754,'truongtv','2021-12-13','\0','truongtv','2021-12-13','1000000',3,20,8,1),
(755,'truongtv','2021-12-13','\0','truongtv','2021-12-13','1000000',3,21,8,1),
(756,'truongtv','2021-12-13','\0','truongtv','2021-12-13','1000000',3,22,8,1),
(757,'truongtv','2021-12-13','\0','truongtv','2021-12-13','1000000',3,23,8,1),
(758,'truongtv','2021-12-13','\0','truongtv','2021-12-13','1000000',3,24,8,1),
(759,'truongtv','2021-12-13','\0','truongtv','2021-12-13','1000000',3,25,8,1),
(760,'truongtv','2021-12-13','\0','truongtv','2021-12-13','1000000',3,26,8,1),
(761,'truongtv','2021-12-13','\0','truongtv','2021-12-13','1000000',3,27,8,1),
(762,'truongtv','2021-12-13','\0','truongtv','2021-12-13','1000000',3,28,8,1),
(763,'truongtv','2021-12-13','\0','truongtv','2021-12-13','1000000',3,29,8,1),
(764,'truongtv','2021-12-13','\0','truongtv','2021-12-13','1000000',3,30,8,1),
(765,'truongtv','2021-12-13','\0','truongtv','2021-12-13','1000000',2,9,8,1),
(766,'truongtv','2021-12-13','\0','truongtv','2021-12-13','1000000',2,10,8,1),
(767,'truongtv','2021-12-13','\0','truongtv','2021-12-13','1000000',2,11,8,1),
(768,'truongtv','2021-12-13','\0','truongtv','2021-12-13','1000000',2,12,8,1),
(769,'truongtv','2021-12-13','\0','truongtv','2021-12-13','1000000',2,13,8,1),
(770,'truongtv','2021-12-13','\0','truongtv','2021-12-13','1000000',2,14,8,1),
(771,'truongtv','2021-12-13','\0','truongtv','2021-12-13','1000000',2,15,8,1),
(772,'truongtv','2021-12-13','\0','truongtv','2021-12-13','1000000',2,16,8,1),
(773,'truongtv','2021-12-13','\0','truongtv','2021-12-13','1000000',2,17,8,1),
(774,'truongtv','2021-12-13','\0','truongtv','2021-12-13','1000000',2,18,8,1),
(775,'truongtv','2021-12-13','\0','truongtv','2021-12-13','1000000',2,19,8,1),
(776,'truongtv','2021-12-13','\0','truongtv','2021-12-13','1000000',2,20,8,1),
(777,'truongtv','2021-12-13','\0','truongtv','2021-12-13','1000000',2,21,8,1),
(778,'truongtv','2021-12-13','\0','truongtv','2021-12-13','1000000',2,22,8,1),
(779,'truongtv','2021-12-13','\0','truongtv','2021-12-13','1000000',2,23,8,1),
(780,'truongtv','2021-12-13','\0','truongtv','2021-12-13','1000000',2,24,8,1),
(781,'truongtv','2021-12-13','\0','truongtv','2021-12-13','1000000',2,25,8,1),
(782,'truongtv','2021-12-13','\0','truongtv','2021-12-13','1000000',2,26,8,1),
(783,'truongtv','2021-12-13','\0','truongtv','2021-12-13','1000000',2,27,8,1),
(784,'truongtv','2021-12-13','\0','truongtv','2021-12-13','1000000',2,28,8,1),
(785,'truongtv','2021-12-13','\0','truongtv','2021-12-13','1000000',2,29,8,1),
(786,'truongtv','2021-12-13','\0','truongtv','2021-12-13','1000000',2,30,8,1),
(787,'truongtv','2021-12-13','\0','truongtv','2021-12-13','1000000',6,9,9,1),
(788,'truongtv','2021-12-13','\0','truongtv','2021-12-13','1000000',6,10,9,1),
(789,'truongtv','2021-12-13','\0','truongtv','2021-12-13','1000000',6,11,9,1),
(790,'truongtv','2021-12-13','\0','truongtv','2021-12-13','1000000',6,12,9,1),
(791,'truongtv','2021-12-13','\0','truongtv','2021-12-13','1000000',6,13,9,1),
(792,'truongtv','2021-12-13','\0','truongtv','2021-12-13','1000000',6,14,9,1),
(793,'truongtv','2021-12-13','\0','truongtv','2021-12-13','1000000',6,15,9,1),
(794,'truongtv','2021-12-13','\0','truongtv','2021-12-13','1000000',6,16,9,1),
(795,'truongtv','2021-12-13','\0','truongtv','2021-12-13','1000000',6,17,9,1),
(796,'truongtv','2021-12-13','\0','truongtv','2021-12-13','1000000',6,18,9,1),
(797,'truongtv','2021-12-13','\0','truongtv','2021-12-13','1000000',6,19,9,1),
(798,'truongtv','2021-12-13','\0','truongtv','2021-12-13','1000000',6,20,9,1),
(799,'truongtv','2021-12-13','\0','truongtv','2021-12-13','1000000',6,21,9,1),
(800,'truongtv','2021-12-13','\0','truongtv','2021-12-13','1000000',6,22,9,1),
(801,'truongtv','2021-12-13','\0','truongtv','2021-12-13','1000000',6,23,9,1),
(802,'truongtv','2021-12-13','\0','truongtv','2021-12-13','1000000',6,24,9,1),
(803,'truongtv','2021-12-13','\0','truongtv','2021-12-13','1000000',6,25,9,1),
(804,'truongtv','2021-12-13','\0','truongtv','2021-12-13','1000000',6,26,9,1),
(805,'truongtv','2021-12-13','\0','truongtv','2021-12-13','1000000',6,27,9,1),
(806,'truongtv','2021-12-13','\0','truongtv','2021-12-13','1000000',6,28,9,1),
(807,'truongtv','2021-12-13','\0','truongtv','2021-12-13','1000000',6,29,9,1),
(808,'truongtv','2021-12-13','\0','truongtv','2021-12-13','1000000',6,30,9,1),
(809,'truongtv','2021-12-13','\0','truongtv','2021-12-13','1000000',5,9,9,1),
(810,'truongtv','2021-12-13','\0','truongtv','2021-12-13','1000000',5,10,9,1),
(811,'truongtv','2021-12-13','\0','truongtv','2021-12-13','1000000',5,11,9,1),
(812,'truongtv','2021-12-13','\0','truongtv','2021-12-13','1000000',5,12,9,1),
(813,'truongtv','2021-12-13','\0','truongtv','2021-12-13','1000000',5,13,9,1),
(814,'truongtv','2021-12-13','\0','truongtv','2021-12-13','1000000',5,14,9,1),
(815,'truongtv','2021-12-13','\0','truongtv','2021-12-13','1000000',5,15,9,1),
(816,'truongtv','2021-12-13','\0','truongtv','2021-12-13','1000000',5,16,9,1),
(817,'truongtv','2021-12-13','\0','truongtv','2021-12-13','1000000',5,17,9,1),
(818,'truongtv','2021-12-13','\0','truongtv','2021-12-13','1000000',5,18,9,1),
(819,'truongtv','2021-12-13','\0','truongtv','2021-12-13','1000000',5,19,9,1),
(820,'truongtv','2021-12-13','\0','truongtv','2021-12-13','1000000',5,20,9,1),
(821,'truongtv','2021-12-13','\0','truongtv','2021-12-13','1000000',5,21,9,1),
(822,'truongtv','2021-12-13','\0','truongtv','2021-12-13','1000000',5,22,9,1),
(823,'truongtv','2021-12-13','\0','truongtv','2021-12-13','1000000',5,23,9,1),
(824,'truongtv','2021-12-13','\0','truongtv','2021-12-13','1000000',5,24,9,1),
(825,'truongtv','2021-12-13','\0','truongtv','2021-12-13','1000000',5,25,9,1),
(826,'truongtv','2021-12-13','\0','truongtv','2021-12-13','1000000',5,26,9,1),
(827,'truongtv','2021-12-13','\0','truongtv','2021-12-13','1000000',5,27,9,1),
(828,'truongtv','2021-12-13','\0','truongtv','2021-12-13','1000000',5,28,9,1),
(829,'truongtv','2021-12-13','\0','truongtv','2021-12-13','1000000',5,29,9,1),
(830,'truongtv','2021-12-13','\0','truongtv','2021-12-13','1000000',5,30,9,1),
(831,'truongtv','2021-12-13','\0','truongtv','2021-12-13','1000000',4,9,9,1),
(832,'truongtv','2021-12-13','\0','truongtv','2021-12-13','1000000',4,10,9,1),
(833,'truongtv','2021-12-13','\0','truongtv','2021-12-13','1000000',4,11,9,1),
(834,'truongtv','2021-12-13','\0','truongtv','2021-12-13','1000000',4,12,9,1),
(835,'truongtv','2021-12-13','\0','truongtv','2021-12-13','1000000',4,13,9,1),
(836,'truongtv','2021-12-13','\0','truongtv','2021-12-13','1000000',4,14,9,1),
(837,'truongtv','2021-12-13','\0','truongtv','2021-12-13','1000000',4,15,9,1),
(838,'truongtv','2021-12-13','\0','truongtv','2021-12-13','1000000',4,16,9,1),
(839,'truongtv','2021-12-13','\0','truongtv','2021-12-13','1000000',4,17,9,1),
(840,'truongtv','2021-12-13','\0','truongtv','2021-12-13','1000000',4,18,9,1),
(841,'truongtv','2021-12-13','\0','truongtv','2021-12-13','1000000',4,19,9,1),
(842,'truongtv','2021-12-13','\0','truongtv','2021-12-13','1000000',4,20,9,1),
(843,'truongtv','2021-12-13','\0','truongtv','2021-12-13','1000000',4,21,9,1),
(844,'truongtv','2021-12-13','\0','truongtv','2021-12-13','1000000',4,22,9,1),
(845,'truongtv','2021-12-13','\0','truongtv','2021-12-13','1000000',4,23,9,1),
(846,'truongtv','2021-12-13','\0','truongtv','2021-12-13','1000000',4,24,9,1),
(847,'truongtv','2021-12-13','\0','truongtv','2021-12-13','1000000',4,25,9,1),
(848,'truongtv','2021-12-13','\0','truongtv','2021-12-13','1000000',4,26,9,1),
(849,'truongtv','2021-12-13','\0','truongtv','2021-12-13','1000000',4,27,9,1),
(850,'truongtv','2021-12-13','\0','truongtv','2021-12-13','1000000',4,28,9,1),
(851,'truongtv','2021-12-13','\0','truongtv','2021-12-13','1000000',4,29,9,1),
(852,'truongtv','2021-12-13','\0','truongtv','2021-12-13','1000000',4,30,9,1),
(853,'truongtv','2021-12-13','\0','truongtv','2021-12-13','1000000',1,9,9,1),
(854,'truongtv','2021-12-13','\0','truongtv','2021-12-13','1000000',1,10,9,1),
(855,'truongtv','2021-12-13','\0','truongtv','2021-12-13','1000000',1,11,9,1),
(856,'truongtv','2021-12-13','\0','truongtv','2021-12-13','1000000',1,12,9,1),
(857,'truongtv','2021-12-13','\0','truongtv','2021-12-13','1000000',1,13,9,1),
(858,'truongtv','2021-12-13','\0','truongtv','2021-12-13','1000000',1,14,9,1),
(859,'truongtv','2021-12-13','\0','truongtv','2021-12-13','1000000',1,15,9,1),
(860,'truongtv','2021-12-13','\0','truongtv','2021-12-13','1000000',1,16,9,1),
(861,'truongtv','2021-12-13','\0','truongtv','2021-12-13','1000000',1,17,9,1),
(862,'truongtv','2021-12-13','\0','truongtv','2021-12-13','1000000',1,18,9,1),
(863,'truongtv','2021-12-13','\0','truongtv','2021-12-13','1000000',1,19,9,1),
(864,'truongtv','2021-12-13','\0','truongtv','2021-12-13','1000000',1,20,9,1),
(865,'truongtv','2021-12-13','\0','truongtv','2021-12-13','1000000',1,21,9,1),
(866,'truongtv','2021-12-13','\0','truongtv','2021-12-13','1000000',1,22,9,1),
(867,'truongtv','2021-12-13','\0','truongtv','2021-12-13','1000000',1,23,9,1),
(868,'truongtv','2021-12-13','\0','truongtv','2021-12-13','1000000',1,24,9,1),
(869,'truongtv','2021-12-13','\0','truongtv','2021-12-13','1000000',1,25,9,1),
(870,'truongtv','2021-12-13','\0','truongtv','2021-12-13','1000000',1,26,9,1),
(871,'truongtv','2021-12-13','\0','truongtv','2021-12-13','1000000',1,27,9,1),
(872,'truongtv','2021-12-13','\0','truongtv','2021-12-13','1000000',1,28,9,1),
(873,'truongtv','2021-12-13','\0','truongtv','2021-12-13','1000000',1,29,9,1),
(874,'truongtv','2021-12-13','\0','truongtv','2021-12-13','1000000',1,30,9,1),
(875,'truongtv','2021-12-13','\0','truongtv','2021-12-13','1000000',3,9,9,1),
(876,'truongtv','2021-12-13','\0','truongtv','2021-12-13','1000000',3,10,9,1),
(877,'truongtv','2021-12-13','\0','truongtv','2021-12-13','1000000',3,11,9,1),
(878,'truongtv','2021-12-13','\0','truongtv','2021-12-13','1000000',3,12,9,1),
(879,'truongtv','2021-12-13','\0','truongtv','2021-12-13','1000000',3,13,9,1),
(880,'truongtv','2021-12-13','\0','truongtv','2021-12-13','1000000',3,14,9,1),
(881,'truongtv','2021-12-13','\0','truongtv','2021-12-13','1000000',3,15,9,1),
(882,'truongtv','2021-12-13','\0','truongtv','2021-12-13','1000000',3,16,9,1),
(883,'truongtv','2021-12-13','\0','truongtv','2021-12-13','1000000',3,17,9,1),
(884,'truongtv','2021-12-13','\0','truongtv','2021-12-13','1000000',3,18,9,1),
(885,'truongtv','2021-12-13','\0','truongtv','2021-12-13','1000000',3,19,9,1),
(886,'truongtv','2021-12-13','\0','truongtv','2021-12-13','1000000',3,20,9,1),
(887,'truongtv','2021-12-13','\0','truongtv','2021-12-13','1000000',3,21,9,1),
(888,'truongtv','2021-12-13','\0','truongtv','2021-12-13','1000000',3,22,9,1),
(889,'truongtv','2021-12-13','\0','truongtv','2021-12-13','1000000',3,23,9,1),
(890,'truongtv','2021-12-13','\0','truongtv','2021-12-13','1000000',3,24,9,1),
(891,'truongtv','2021-12-13','\0','truongtv','2021-12-13','1000000',3,25,9,1),
(892,'truongtv','2021-12-13','\0','truongtv','2021-12-13','1000000',3,26,9,1),
(893,'truongtv','2021-12-13','\0','truongtv','2021-12-13','1000000',3,27,9,1),
(894,'truongtv','2021-12-13','\0','truongtv','2021-12-13','1000000',3,28,9,1),
(895,'truongtv','2021-12-13','\0','truongtv','2021-12-13','1000000',3,29,9,1),
(896,'truongtv','2021-12-13','\0','truongtv','2021-12-13','1000000',3,30,9,1),
(897,'truongtv','2021-12-13','\0','truongtv','2021-12-13','1000000',2,9,9,1),
(898,'truongtv','2021-12-13','\0','truongtv','2021-12-13','1000000',2,10,9,1),
(899,'truongtv','2021-12-13','\0','truongtv','2021-12-13','1000000',2,11,9,1),
(900,'truongtv','2021-12-13','\0','truongtv','2021-12-13','1000000',2,12,9,1),
(901,'truongtv','2021-12-13','\0','truongtv','2021-12-13','1000000',2,13,9,1),
(902,'truongtv','2021-12-13','\0','truongtv','2021-12-13','1000000',2,14,9,1),
(903,'truongtv','2021-12-13','\0','truongtv','2021-12-13','1000000',2,15,9,1),
(904,'truongtv','2021-12-13','\0','truongtv','2021-12-13','1000000',2,16,9,1),
(905,'truongtv','2021-12-13','\0','truongtv','2021-12-13','1000000',2,17,9,1),
(906,'truongtv','2021-12-13','\0','truongtv','2021-12-13','1000000',2,18,9,1),
(907,'truongtv','2021-12-13','\0','truongtv','2021-12-13','1000000',2,19,9,1),
(908,'truongtv','2021-12-13','\0','truongtv','2021-12-13','1000000',2,20,9,1),
(909,'truongtv','2021-12-13','\0','truongtv','2021-12-13','1000000',2,21,9,1),
(910,'truongtv','2021-12-13','\0','truongtv','2021-12-13','1000000',2,22,9,1),
(911,'truongtv','2021-12-13','\0','truongtv','2021-12-13','1000000',2,23,9,1),
(912,'truongtv','2021-12-13','\0','truongtv','2021-12-13','1000000',2,24,9,1),
(913,'truongtv','2021-12-13','\0','truongtv','2021-12-13','1000000',2,25,9,1),
(914,'truongtv','2021-12-13','\0','truongtv','2021-12-13','1000000',2,26,9,1),
(915,'truongtv','2021-12-13','\0','truongtv','2021-12-13','1000000',2,27,9,1),
(916,'truongtv','2021-12-13','\0','truongtv','2021-12-13','1000000',2,28,9,1),
(917,'truongtv','2021-12-13','\0','truongtv','2021-12-13','1000000',2,29,9,1),
(918,'truongtv','2021-12-13','\0','truongtv','2021-12-13','1000000',2,30,9,1);

/*Table structure for table `product` */

DROP TABLE IF EXISTS `product`;

CREATE TABLE `product` (
  `id` bigint NOT NULL AUTO_INCREMENT,
  `created_by` varchar(255) DEFAULT NULL,
  `created_date` date DEFAULT NULL,
  `deleted` bit(1) DEFAULT NULL,
  `modified_by` varchar(255) DEFAULT NULL,
  `modified_date` date DEFAULT NULL,
  `count` int DEFAULT NULL,
  `height` varchar(255) DEFAULT NULL,
  `length` varchar(255) DEFAULT NULL,
  `name` varchar(255) DEFAULT NULL,
  `note` varchar(255) DEFAULT NULL,
  `price` varchar(255) DEFAULT NULL,
  `price_in_contact` varchar(255) DEFAULT NULL,
  `status` int DEFAULT NULL,
  `width` varchar(255) DEFAULT NULL,
  `contact_id` bigint DEFAULT NULL,
  PRIMARY KEY (`id`),
  KEY `FK7uagktiyc4frf09sgh4usw4ju` (`contact_id`),
  CONSTRAINT `FK7uagktiyc4frf09sgh4usw4ju` FOREIGN KEY (`contact_id`) REFERENCES `contact` (`id`)
) ENGINE=InnoDB DEFAULT CHARSET=utf8mb4 COLLATE=utf8mb4_0900_ai_ci;

/*Data for the table `product` */

/*Table structure for table `product_material` */

DROP TABLE IF EXISTS `product_material`;

CREATE TABLE `product_material` (
  `id` bigint NOT NULL AUTO_INCREMENT,
  `created_by` varchar(255) DEFAULT NULL,
  `created_date` date DEFAULT NULL,
  `deleted` bit(1) DEFAULT NULL,
  `modified_by` varchar(255) DEFAULT NULL,
  `modified_date` date DEFAULT NULL,
  `count` int DEFAULT NULL,
  `note` text,
  `price_at_create_contact` varchar(255) DEFAULT NULL,
  `price_material_id` bigint DEFAULT NULL,
  `product_id` bigint DEFAULT NULL,
  PRIMARY KEY (`id`),
  KEY `FKdgkxgky2ervnvp5ylaqhenas1` (`price_material_id`),
  KEY `FKk16tidor8p5yj7n3e9h8j784d` (`product_id`),
  CONSTRAINT `FKdgkxgky2ervnvp5ylaqhenas1` FOREIGN KEY (`price_material_id`) REFERENCES `price_material` (`id`),
  CONSTRAINT `FKk16tidor8p5yj7n3e9h8j784d` FOREIGN KEY (`product_id`) REFERENCES `product` (`id`)
) ENGINE=InnoDB DEFAULT CHARSET=utf8mb4 COLLATE=utf8mb4_0900_ai_ci;

/*Data for the table `product_material` */

/*Table structure for table `production_oder_employee` */

DROP TABLE IF EXISTS `production_oder_employee`;

CREATE TABLE `production_oder_employee` (
  `production_oder_id` bigint NOT NULL,
  `employee_id` bigint NOT NULL,
  KEY `FK3gedqh617lv4hah258bhdpuyn` (`employee_id`),
  KEY `FK59ekgetciy77pcao9cechkt7v` (`production_oder_id`),
  CONSTRAINT `FK3gedqh617lv4hah258bhdpuyn` FOREIGN KEY (`employee_id`) REFERENCES `employee` (`id`),
  CONSTRAINT `FK59ekgetciy77pcao9cechkt7v` FOREIGN KEY (`production_oder_id`) REFERENCES `production_order` (`id`)
) ENGINE=InnoDB DEFAULT CHARSET=utf8mb4 COLLATE=utf8mb4_0900_ai_ci;

/*Data for the table `production_oder_employee` */

/*Table structure for table `production_order` */

DROP TABLE IF EXISTS `production_order`;

CREATE TABLE `production_order` (
  `id` bigint NOT NULL AUTO_INCREMENT,
  `created_by` varchar(255) DEFAULT NULL,
  `created_date` date DEFAULT NULL,
  `deleted` bit(1) DEFAULT NULL,
  `modified_by` varchar(255) DEFAULT NULL,
  `modified_date` date DEFAULT NULL,
  `date_end` date DEFAULT NULL,
  `date_start` date DEFAULT NULL,
  `name` varchar(255) DEFAULT NULL,
  `number_finish` varchar(255) DEFAULT NULL,
  `status` int DEFAULT NULL,
  `product_id` bigint DEFAULT NULL,
  PRIMARY KEY (`id`),
  KEY `FKkc38iyv9ioqhjwcdlrmfpecq3` (`product_id`),
  CONSTRAINT `FKkc38iyv9ioqhjwcdlrmfpecq3` FOREIGN KEY (`product_id`) REFERENCES `product` (`id`)
) ENGINE=InnoDB DEFAULT CHARSET=utf8mb4 COLLATE=utf8mb4_0900_ai_ci;

/*Data for the table `production_order` */

/*Table structure for table `role` */

DROP TABLE IF EXISTS `role`;

CREATE TABLE `role` (
  `id` bigint NOT NULL AUTO_INCREMENT,
  `created_by` varchar(255) DEFAULT NULL,
  `created_date` date DEFAULT NULL,
  `deleted` bit(1) DEFAULT NULL,
  `modified_by` varchar(255) DEFAULT NULL,
  `modified_date` date DEFAULT NULL,
  `code` varchar(255) DEFAULT NULL,
  `name` varchar(255) DEFAULT NULL,
  PRIMARY KEY (`id`)
) ENGINE=InnoDB AUTO_INCREMENT=4 DEFAULT CHARSET=utf8mb4 COLLATE=utf8mb4_0900_ai_ci;

/*Data for the table `role` */

insert  into `role`(`id`,`created_by`,`created_date`,`deleted`,`modified_by`,`modified_date`,`code`,`name`) values 
(1,'truongtv','2021-12-10','\0','truongtv','2021-12-10','SP_ADMIN','Quản Lý Hệ Thống'),
(2,'truongtv','2021-12-10','\0','truongtv','2021-12-10','ADMIN','Quản Lý'),
(3,'truongtv','2021-12-10','\0','truongtv','2021-12-10','EMPLOYEE','Nhân Viên');

/*Table structure for table `time_keep` */

DROP TABLE IF EXISTS `time_keep`;

CREATE TABLE `time_keep` (
  `id` bigint NOT NULL AUTO_INCREMENT,
  `created_by` varchar(255) DEFAULT NULL,
  `created_date` date DEFAULT NULL,
  `deleted` bit(1) DEFAULT NULL,
  `modified_by` varchar(255) DEFAULT NULL,
  `modified_date` date DEFAULT NULL,
  `date` date DEFAULT NULL,
  `note` text,
  `type` varchar(255) DEFAULT NULL,
  `employee_id` bigint DEFAULT NULL,
  PRIMARY KEY (`id`),
  KEY `FKa50filqbtluks1279bfks4r4h` (`employee_id`),
  CONSTRAINT `FKa50filqbtluks1279bfks4r4h` FOREIGN KEY (`employee_id`) REFERENCES `employee` (`id`)
) ENGINE=InnoDB AUTO_INCREMENT=163 DEFAULT CHARSET=utf8mb4 COLLATE=utf8mb4_0900_ai_ci;

/*Data for the table `time_keep` */

insert  into `time_keep`(`id`,`created_by`,`created_date`,`deleted`,`modified_by`,`modified_date`,`date`,`note`,`type`,`employee_id`) values 
(1,'truongtv','2021-11-10','\0','truongtv','2021-11-10','2021-11-10','','0',1),
(2,'truongtv','2021-11-10','\0','truongtv','2021-11-10','2021-11-10','','0',2),
(3,'truongtv','2021-11-10','\0','truongtv','2021-11-10','2021-11-10','','0',3),
(4,'truongtv','2021-11-10','\0','truongtv','2021-11-10','2021-11-10','','0',4),
(5,'truongtv','2021-11-10','\0','truongtv','2021-11-10','2021-11-10','','0',5),
(6,'truongtv','2021-11-11','\0','truongtv','2021-11-11','2021-11-11','','0',1),
(7,'truongtv','2021-11-11','\0','truongtv','2021-11-11','2021-11-11','','0',2),
(8,'truongtv','2021-11-11','\0','truongtv','2021-11-11','2021-11-11','','0',3),
(9,'truongtv','2021-11-11','\0','truongtv','2021-11-11','2021-11-11','','0',4),
(10,'truongtv','2021-11-11','\0','truongtv','2021-11-11','2021-11-11','','0',5),
(11,'truongtv','2021-11-12','\0','truongtv','2021-11-12','2021-11-12','','0',1),
(12,'truongtv','2021-11-12','\0','truongtv','2021-11-12','2021-11-12','','0',2),
(13,'truongtv','2021-11-12','\0','truongtv','2021-11-12','2021-11-12','','0',3),
(14,'truongtv','2021-11-12','\0','truongtv','2021-11-12','2021-11-12','','0',4),
(15,'truongtv','2021-11-12','\0','truongtv','2021-11-12','2021-11-12','','0',5),
(16,'truongtv','2021-11-13','\0','truongtv','2021-11-13','2021-11-13','','0',1),
(17,'truongtv','2021-11-13','\0','truongtv','2021-11-13','2021-11-13','','0',2),
(18,'truongtv','2021-11-13','\0','truongtv','2021-11-13','2021-11-13','','0',3),
(19,'truongtv','2021-11-13','\0','truongtv','2021-11-13','2021-11-13','','0',4),
(20,'truongtv','2021-11-13','\0','truongtv','2021-11-13','2021-11-13','','0',5),
(21,'truongtv','2021-11-14','\0','truongtv','2021-11-14','2021-11-14','','0',1),
(22,'truongtv','2021-11-14','\0','truongtv','2021-11-14','2021-11-14','','0',2),
(23,'truongtv','2021-11-14','\0','truongtv','2021-11-14','2021-11-14','','0',3),
(24,'truongtv','2021-11-14','\0','truongtv','2021-11-14','2021-11-14','','0',4),
(25,'truongtv','2021-11-14','\0','truongtv','2021-11-14','2021-11-14','','0',5),
(26,'truongtv','2021-11-15','\0','truongtv','2021-11-15','2021-11-15','','0',1),
(27,'truongtv','2021-11-15','\0','truongtv','2021-11-15','2021-11-15','','0',2),
(28,'truongtv','2021-11-15','\0','truongtv','2021-11-15','2021-11-15','','0',3),
(29,'truongtv','2021-11-15','\0','truongtv','2021-11-15','2021-11-15','','0',4),
(30,'truongtv','2021-11-15','\0','truongtv','2021-11-15','2021-11-15','','0',5),
(31,'truongtv','2021-11-16','\0','truongtv','2021-11-16','2021-11-16','','0',1),
(32,'truongtv','2021-11-16','\0','truongtv','2021-11-16','2021-11-16','','0',2),
(34,'truongtv','2021-11-16','\0','truongtv','2021-11-16','2021-11-16','','0',4),
(35,'truongtv','2021-11-16','\0','truongtv','2021-11-16','2021-11-16','','0',5),
(36,'truongtv','2021-11-17','\0','truongtv','2021-11-17','2021-11-17','','0',1),
(37,'truongtv','2021-11-17','\0','truongtv','2021-11-17','2021-11-17','','0',2),
(38,'truongtv','2021-11-17','\0','truongtv','2021-11-17','2021-11-17','','0',3),
(39,'truongtv','2021-11-17','\0','truongtv','2021-11-17','2021-11-17','','0',4),
(40,'truongtv','2021-11-17','\0','truongtv','2021-11-17','2021-11-17','','0',5),
(41,'truongtv','2021-11-18','\0','truongtv','2021-11-18','2021-11-18','','0',1),
(42,'truongtv','2021-11-18','\0','truongtv','2021-11-18','2021-11-18','','0',2),
(43,'truongtv','2021-11-18','\0','truongtv','2021-11-18','2021-11-18','','0',3),
(44,'truongtv','2021-11-18','\0','truongtv','2021-11-18','2021-11-18','','0',4),
(45,'truongtv','2021-11-18','\0','truongtv','2021-11-18','2021-11-18','','0',5),
(46,'truongtv','2021-11-19','\0','truongtv','2021-11-19','2021-11-19','','0',1),
(47,'truongtv','2021-11-19','\0','truongtv','2021-11-19','2021-11-19','','0',2),
(48,'truongtv','2021-11-19','\0','truongtv','2021-11-19','2021-11-19','','0',3),
(49,'truongtv','2021-11-19','\0','truongtv','2021-11-19','2021-11-19','','0',4),
(50,'truongtv','2021-11-19','\0','truongtv','2021-11-19','2021-11-19','','0',5),
(51,'truongtv','2021-11-20','\0','truongtv','2021-11-20','2021-11-20','','0',1),
(52,'truongtv','2021-11-20','\0','truongtv','2021-11-20','2021-11-20','','0',2),
(53,'truongtv','2021-11-20','\0','truongtv','2021-11-20','2021-11-20','','0',3),
(54,'truongtv','2021-11-20','\0','truongtv','2021-11-20','2021-11-20','','0',4),
(55,'truongtv','2021-11-20','\0','truongtv','2021-11-20','2021-11-20','','0',5),
(56,'truongtv','2021-11-21','\0','truongtv','2021-11-21','2021-11-21','','0',1),
(57,'truongtv','2021-11-21','\0','truongtv','2021-11-21','2021-11-21','','0',2),
(58,'truongtv','2021-11-21','\0','truongtv','2021-11-21','2021-11-21','','0',3),
(59,'truongtv','2021-11-21','\0','truongtv','2021-11-21','2021-11-21','','0',4),
(60,'truongtv','2021-11-21','\0','truongtv','2021-11-21','2021-11-21','','0',5),
(61,'truongtv','2021-11-22','\0','truongtv','2021-11-22','2021-11-22','','0',1),
(62,'truongtv','2021-11-22','\0','truongtv','2021-11-22','2021-11-22','','0',2),
(63,'truongtv','2021-11-22','\0','truongtv','2021-11-22','2021-11-22','','0',3),
(64,'truongtv','2021-11-22','\0','truongtv','2021-11-22','2021-11-22','','0',4),
(65,'truongtv','2021-11-22','\0','truongtv','2021-11-22','2021-11-22','','0',5),
(66,'truongtv','2021-11-23','\0','truongtv','2021-11-23','2021-11-23','','0',1),
(67,'truongtv','2021-11-23','\0','truongtv','2021-11-23','2021-11-23','','0',2),
(68,'truongtv','2021-11-23','\0','truongtv','2021-11-23','2021-11-23','','0',3),
(69,'truongtv','2021-11-23','\0','truongtv','2021-11-23','2021-11-23','','0',4),
(70,'truongtv','2021-11-23','\0','truongtv','2021-11-23','2021-11-23','','0',5),
(71,'truongtv','2021-11-24','\0','truongtv','2021-11-24','2021-11-24','','0',1),
(72,'truongtv','2021-11-24','\0','truongtv','2021-11-24','2021-11-24','','0',2),
(73,'truongtv','2021-11-24','\0','truongtv','2021-11-24','2021-11-24','','0',3),
(74,'truongtv','2021-11-24','\0','truongtv','2021-11-24','2021-11-24','','0',4),
(75,'truongtv','2021-11-24','\0','truongtv','2021-11-24','2021-11-24','','0',5),
(76,'truongtv','2021-11-25','\0','truongtv','2021-11-25','2021-11-25','','0',1),
(77,'truongtv','2021-11-25','\0','truongtv','2021-11-25','2021-11-25','','0',2),
(78,'truongtv','2021-11-25','\0','truongtv','2021-11-25','2021-11-25','','0',3),
(79,'truongtv','2021-11-25','\0','truongtv','2021-11-25','2021-11-25','','0',4),
(80,'truongtv','2021-11-25','\0','truongtv','2021-11-25','2021-11-25','','0',5),
(81,'truongtv','2021-11-26','\0','truongtv','2021-11-26','2021-11-26','','0',1),
(82,'truongtv','2021-11-26','\0','truongtv','2021-11-26','2021-11-26','','0',2),
(83,'truongtv','2021-11-26','\0','truongtv','2021-11-26','2021-11-26','','0',3),
(84,'truongtv','2021-11-26','\0','truongtv','2021-11-26','2021-11-26','','0',4),
(85,'truongtv','2021-11-26','\0','truongtv','2021-11-26','2021-11-26','','0',5),
(86,'truongtv','2021-11-27','\0','truongtv','2021-11-27','2021-11-27','','0',1),
(87,'truongtv','2021-11-27','\0','truongtv','2021-11-27','2021-11-27','','0',2),
(88,'truongtv','2021-11-27','\0','truongtv','2021-11-27','2021-11-27','','0',3),
(89,'truongtv','2021-11-27','\0','truongtv','2021-11-27','2021-11-27','','0',4),
(90,'truongtv','2021-11-27','\0','truongtv','2021-11-27','2021-11-27','','0',5),
(91,'truongtv','2021-11-28','\0','truongtv','2021-11-28','2021-11-28','','0',1),
(92,'truongtv','2021-11-28','\0','truongtv','2021-11-28','2021-11-28','','0',2),
(93,'truongtv','2021-11-28','\0','truongtv','2021-11-28','2021-11-28','','0',3),
(94,'truongtv','2021-11-28','\0','truongtv','2021-11-28','2021-11-28','','0',4),
(95,'truongtv','2021-11-28','\0','truongtv','2021-11-28','2021-11-28','','0',5),
(96,'truongtv','2021-11-29','\0','truongtv','2021-11-29','2021-11-29','','0',1),
(97,'truongtv','2021-11-29','\0','truongtv','2021-11-29','2021-11-29','','0',2),
(98,'truongtv','2021-11-29','\0','truongtv','2021-11-29','2021-11-29','','0',3),
(99,'truongtv','2021-11-29','\0','truongtv','2021-11-29','2021-11-29','','0',4),
(100,'truongtv','2021-11-29','\0','truongtv','2021-11-29','2021-11-29','','0',5),
(101,'truongtv','2021-11-30','\0','truongtv','2021-11-30','2021-11-30','','0',1),
(102,'truongtv','2021-11-30','\0','truongtv','2021-11-30','2021-11-30','','0',2),
(103,'truongtv','2021-11-30','\0','truongtv','2021-11-30','2021-11-30','','0',3),
(104,'truongtv','2021-11-30','\0','truongtv','2021-11-30','2021-11-30','','0',4),
(105,'truongtv','2021-11-30','\0','truongtv','2021-11-30','2021-11-30','','0',5),
(106,'truongtv','2021-12-01','\0','truongtv','2021-12-01','2021-12-01','','0',1),
(107,'truongtv','2021-12-01','\0','truongtv','2021-12-01','2021-12-01','','0',2),
(108,'truongtv','2021-12-01','\0','truongtv','2021-12-01','2021-12-01','','0',3),
(109,'truongtv','2021-12-01','\0','truongtv','2021-12-01','2021-12-01','','0',4),
(110,'truongtv','2021-12-01','\0','truongtv','2021-12-01','2021-12-01','','0',5),
(111,'truongtv','2021-12-02','\0','truongtv','2021-12-02','2021-12-02','','0',1),
(112,'truongtv','2021-12-02','\0','truongtv','2021-12-02','2021-12-02','','0',2),
(113,'truongtv','2021-12-02','\0','truongtv','2021-12-02','2021-12-02','','0',3),
(114,'truongtv','2021-12-02','\0','truongtv','2021-12-02','2021-12-02','','0',4),
(115,'truongtv','2021-12-02','\0','truongtv','2021-12-02','2021-12-02','','0',5),
(116,'truongtv','2021-12-03','\0','truongtv','2021-12-03','2021-12-03','','0',1),
(117,'truongtv','2021-12-03','\0','truongtv','2021-12-03','2021-12-03','','0',2),
(118,'truongtv','2021-12-03','\0','truongtv','2021-12-03','2021-12-03','','0',3),
(119,'truongtv','2021-12-03','\0','truongtv','2021-12-03','2021-12-03','','0',4),
(120,'truongtv','2021-12-03','\0','truongtv','2021-12-03','2021-12-03','','0',5),
(121,'truongtv','2021-12-04','\0','truongtv','2021-12-04','2021-12-04','','0',1),
(122,'truongtv','2021-12-04','\0','truongtv','2021-12-04','2021-12-04','','0',2),
(123,'truongtv','2021-12-04','\0','truongtv','2021-12-04','2021-12-04','','0',3),
(124,'truongtv','2021-12-04','\0','truongtv','2021-12-04','2021-12-04','','0',4),
(125,'truongtv','2021-12-04','\0','truongtv','2021-12-04','2021-12-04','','0',5),
(126,'truongtv','2021-12-05','\0','truongtv','2021-12-05','2021-12-05','','0',1),
(127,'truongtv','2021-12-05','\0','truongtv','2021-12-05','2021-12-05','','0',2),
(128,'truongtv','2021-12-05','\0','truongtv','2021-12-05','2021-12-05','','0',3),
(129,'truongtv','2021-12-05','\0','truongtv','2021-12-05','2021-12-05','','0',4),
(130,'truongtv','2021-12-05','\0','truongtv','2021-12-05','2021-12-05','','0',5),
(131,'truongtv','2021-12-06','\0','truongtv','2021-12-06','2021-12-06','','0',1),
(132,'truongtv','2021-12-06','\0','truongtv','2021-12-06','2021-12-06','','0',2),
(133,'truongtv','2021-12-06','\0','truongtv','2021-12-06','2021-12-06','','0',3),
(134,'truongtv','2021-12-06','\0','truongtv','2021-12-06','2021-12-06','','0',4),
(135,'truongtv','2021-12-06','\0','truongtv','2021-12-06','2021-12-06','','0',5),
(136,'truongtv','2021-12-07','\0','truongtv','2021-12-07','2021-12-07','','0',1),
(137,'truongtv','2021-12-07','\0','truongtv','2021-12-07','2021-12-07','','0',2),
(138,'truongtv','2021-12-07','\0','truongtv','2021-12-07','2021-12-07','','0',3),
(139,'truongtv','2021-12-07','\0','truongtv','2021-12-07','2021-12-07','','0',4),
(140,'truongtv','2021-12-07','\0','truongtv','2021-12-07','2021-12-07','','0',5),
(141,'truongtv','2021-12-08','\0','truongtv','2021-12-08','2021-12-08','','0',1),
(142,'truongtv','2021-12-08','\0','truongtv','2021-12-08','2021-12-08','','0',2),
(143,'truongtv','2021-12-08','\0','truongtv','2021-12-08','2021-12-08','','0',3),
(144,'truongtv','2021-12-08','\0','truongtv','2021-12-08','2021-12-08','','0',4),
(145,'truongtv','2021-12-08','\0','truongtv','2021-12-08','2021-12-08','','0',5),
(146,'truongtv','2021-12-09','\0','truongtv','2021-12-09','2021-12-09','','0',1),
(147,'truongtv','2021-12-09','\0','truongtv','2021-12-09','2021-12-09','','0',2),
(148,'truongtv','2021-12-09','\0','truongtv','2021-12-09','2021-12-09','','0',3),
(149,'truongtv','2021-12-09','\0','truongtv','2021-12-09','2021-12-09','','0',4),
(150,'truongtv','2021-12-09','\0','truongtv','2021-12-09','2021-12-09','','0',5),
(151,'truongtv','2021-12-10','\0','truongtv','2021-12-10','2021-12-10','','0',1),
(152,'truongtv','2021-12-10','\0','truongtv','2021-12-10','2021-12-10','','0',2),
(153,'truongtv','2021-12-10','\0','truongtv','2021-12-10','2021-12-10','','0',3),
(154,'truongtv','2021-12-10','\0','truongtv','2021-12-10','2021-12-10','','0',4),
(155,'truongtv','2021-12-10','\0','truongtv','2021-12-10','2021-12-10','','0',5);

/*Table structure for table `unit_measure` */

DROP TABLE IF EXISTS `unit_measure`;

CREATE TABLE `unit_measure` (
  `id` bigint NOT NULL AUTO_INCREMENT,
  `created_by` varchar(255) DEFAULT NULL,
  `created_date` date DEFAULT NULL,
  `deleted` bit(1) DEFAULT NULL,
  `modified_by` varchar(255) DEFAULT NULL,
  `modified_date` date DEFAULT NULL,
  `name` varchar(255) DEFAULT NULL,
  PRIMARY KEY (`id`)
) ENGINE=InnoDB AUTO_INCREMENT=7 DEFAULT CHARSET=utf8mb4 COLLATE=utf8mb4_0900_ai_ci;

/*Data for the table `unit_measure` */

insert  into `unit_measure`(`id`,`created_by`,`created_date`,`deleted`,`modified_by`,`modified_date`,`name`) values 
(1,'truongtv','2021-12-13','\0','truongtv','2021-12-13','mm'),
(2,'truongtv','2021-12-13','\0','truongtv','2021-12-13','cm'),
(3,'truongtv','2021-12-13','\0','truongtv','2021-12-13','m'),
(4,'truongtv','2021-12-13','\0','truongtv','2021-12-13','Bộ'),
(5,'truongtv','2021-12-13','\0','truongtv','2021-12-13','Chiếc'),
(6,'truongtv','2021-12-13','\0','truongtv','2021-12-13','Cái');

/*!40101 SET SQL_MODE=@OLD_SQL_MODE */;
/*!40014 SET FOREIGN_KEY_CHECKS=@OLD_FOREIGN_KEY_CHECKS */;
/*!40014 SET UNIQUE_CHECKS=@OLD_UNIQUE_CHECKS */;
/*!40111 SET SQL_NOTES=@OLD_SQL_NOTES */;
